slug,type,state,primary_keyword,title,h1,word_count,faq_count,in_wave_states,in_wave_top200
alabama,state,Alabama,send flowers to Alabama,"Send Flowers, Cakes & Gifts to Alabama | Same-Day Delivery | BlossomPot","Send Flowers, Cakes & Gifts to Alabama",146,3,True,False
alaska,state,Alaska,send flowers to Alaska,"Send Flowers, Cakes & Gifts to Alaska | Same-Day Delivery | BlossomPot","Send Flowers, Cakes & Gifts to Alaska",131,3,True,False
arizona,state,Arizona,send flowers to Arizona,"Send Flowers, Cakes & Gifts to Arizona | Same-Day Delivery | BlossomPot","Send Flowers, Cakes & Gifts to Arizona",132,3,True,False
arkansas,state,Arkansas,send flowers to Arkansas,"Send Flowers, Cakes & Gifts to Arkansas | Same-Day Delivery | BlossomPot","Send Flowers, Cakes & Gifts to Arkansas",131,3,True,False
california,state,California,send flowers to California,"Send Flowers, Cakes & Gifts to California | Same-Day Delivery | BlossomPot","Send Flowers, Cakes & Gifts to California",141,3,True,False
colorado,state,Colorado,send flowers to Colorado,"Send Flowers, Cakes & Gifts to Colorado | Same-Day Delivery | BlossomPot","Send Flowers, Cakes & Gifts to Colorado",126,3,True,False
connecticut,state,Connecticut,send flowers to Connecticut,"Send Flowers, Cakes & Gifts to Connecticut | Same-Day Delivery | BlossomPot","Send Flowers, Cakes & Gifts to Connecticut",148,3,True,False
delaware,state,Delaware,send flowers to Delaware,"Send Flowers, Cakes & Gifts to Delaware | Same-Day Delivery | BlossomPot","Send Flowers, Cakes & Gifts to Delaware",131,3,True,False
florida,state,Florida,send flowers to Florida,"Send Flowers, Cakes & Gifts to Florida | Same-Day Delivery | BlossomPot","Send Flowers, Cakes & Gifts to Florida",132,3,True,False
georgia,state,Georgia,send flowers to Georgia,"Send Flowers, Cakes & Gifts to Georgia | Same-Day Delivery | BlossomPot","Send Flowers, Cakes & Gifts to Georgia",127,3,True,False
hawaii,state,Hawaii,send flowers to Hawaii,"Send Flowers, Cakes & Gifts to Hawaii | Same-Day Delivery | BlossomPot","Send Flowers, Cakes & Gifts to Hawaii",134,3,True,False
idaho,state,Idaho,send flowers to Idaho,"Send Flowers, Cakes & Gifts to Idaho | Same-Day Delivery | BlossomPot","Send Flowers, Cakes & Gifts to Idaho",125,3,True,False
illinois,state,Illinois,send flowers to Illinois,"Send Flowers, Cakes & Gifts to Illinois | Same-Day Delivery | BlossomPot","Send Flowers, Cakes & Gifts to Illinois",146,3,True,False
indiana,state,Indiana,send flowers to Indiana,"Send Flowers, Cakes & Gifts to Indiana | Same-Day Delivery | BlossomPot","Send Flowers, Cakes & Gifts to Indiana",135,3,True,False
iowa,state,Iowa,send flowers to Iowa,"Send Flowers, Cakes & Gifts to Iowa | Same-Day Delivery | BlossomPot","Send Flowers, Cakes & Gifts to Iowa",137,3,True,False
kansas,state,Kansas,send flowers to Kansas,"Send Flowers, Cakes & Gifts to Kansas | Same-Day Delivery | BlossomPot","Send Flowers, Cakes & Gifts to Kansas",131,3,True,False
kentucky,state,Kentucky,send flowers to Kentucky,"Send Flowers, Cakes & Gifts to Kentucky | Same-Day Delivery | BlossomPot","Send Flowers, Cakes & Gifts to Kentucky",136,3,True,False
louisiana,state,Louisiana,send flowers to Louisiana,"Send Flowers, Cakes & Gifts to Louisiana | Same-Day Delivery | BlossomPot","Send Flowers, Cakes & Gifts to Louisiana",128,3,True,False
maine,state,Maine,send flowers to Maine,"Send Flowers, Cakes & Gifts to Maine | Same-Day Delivery | BlossomPot","Send Flowers, Cakes & Gifts to Maine",146,3,True,False
maryland,state,Maryland,send flowers to Maryland,"Send Flowers, Cakes & Gifts to Maryland | Same-Day Delivery | BlossomPot","Send Flowers, Cakes & Gifts to Maryland",133,3,True,False
massachusetts,state,Massachusetts,send flowers to Massachusetts,"Send Flowers, Cakes & Gifts to Massachusetts | Same-Day Delivery | BlossomPot","Send Flowers, Cakes & Gifts to Massachusetts",131,3,True,False
michigan,state,Michigan,send flowers to Michigan,"Send Flowers, Cakes & Gifts to Michigan | Same-Day Delivery | BlossomPot","Send Flowers, Cakes & Gifts to Michigan",131,3,True,False
minnesota,state,Minnesota,send flowers to Minnesota,"Send Flowers, Cakes & Gifts to Minnesota | Same-Day Delivery | BlossomPot","Send Flowers, Cakes & Gifts to Minnesota",136,3,True,False
mississippi,state,Mississippi,send flowers to Mississippi,"Send Flowers, Cakes & Gifts to Mississippi | Same-Day Delivery | BlossomPot","Send Flowers, Cakes & Gifts to Mississippi",123,3,True,False
missouri,state,Missouri,send flowers to Missouri,"Send Flowers, Cakes & Gifts to Missouri | Same-Day Delivery | BlossomPot","Send Flowers, Cakes & Gifts to Missouri",150,3,True,False
montana,state,Montana,send flowers to Montana,"Send Flowers, Cakes & Gifts to Montana | Same-Day Delivery | BlossomPot","Send Flowers, Cakes & Gifts to Montana",133,3,True,False
nebraska,state,Nebraska,send flowers to Nebraska,"Send Flowers, Cakes & Gifts to Nebraska | Same-Day Delivery | BlossomPot","Send Flowers, Cakes & Gifts to Nebraska",130,3,True,False
nevada,state,Nevada,send flowers to Nevada,"Send Flowers, Cakes & Gifts to Nevada | Same-Day Delivery | BlossomPot","Send Flowers, Cakes & Gifts to Nevada",133,3,True,False
new-hampshire,state,New Hampshire,send flowers to New Hampshire,"Send Flowers, Cakes & Gifts to New Hampshire | Same-Day Delivery | BlossomPot","Send Flowers, Cakes & Gifts to New Hampshire",138,3,True,False
new-jersey,state,New Jersey,send flowers to New Jersey,"Send Flowers, Cakes & Gifts to New Jersey | Same-Day Delivery | BlossomPot","Send Flowers, Cakes & Gifts to New Jersey",130,3,True,False
new-mexico,state,New Mexico,send flowers to New Mexico,"Send Flowers, Cakes & Gifts to New Mexico | Same-Day Delivery | BlossomPot","Send Flowers, Cakes & Gifts to New Mexico",155,3,True,False
new-york,state,New York,send flowers to New York,"Send Flowers, Cakes & Gifts to New York | Same-Day Delivery | BlossomPot","Send Flowers, Cakes & Gifts to New York",142,3,True,False
north-carolina,state,North Carolina,send flowers to North Carolina,"Send Flowers, Cakes & Gifts to North Carolina | Same-Day Delivery | BlossomPot","Send Flowers, Cakes & Gifts to North Carolina",137,3,True,False
north-dakota,state,North Dakota,send flowers to North Dakota,"Send Flowers, Cakes & Gifts to North Dakota | Same-Day Delivery | BlossomPot","Send Flowers, Cakes & Gifts to North Dakota",133,3,True,False
ohio,state,Ohio,send flowers to Ohio,"Send Flowers, Cakes & Gifts to Ohio | Same-Day Delivery | BlossomPot","Send Flowers, Cakes & Gifts to Ohio",134,3,True,False
oklahoma,state,Oklahoma,send flowers to Oklahoma,"Send Flowers, Cakes & Gifts to Oklahoma | Same-Day Delivery | BlossomPot","Send Flowers, Cakes & Gifts to Oklahoma",126,3,True,False
oregon,state,Oregon,send flowers to Oregon,"Send Flowers, Cakes & Gifts to Oregon | Same-Day Delivery | BlossomPot","Send Flowers, Cakes & Gifts to Oregon",146,3,True,False
pennsylvania,state,Pennsylvania,send flowers to Pennsylvania,"Send Flowers, Cakes & Gifts to Pennsylvania | Same-Day Delivery | BlossomPot","Send Flowers, Cakes & Gifts to Pennsylvania",132,3,True,False
rhode-island,state,Rhode Island,send flowers to Rhode Island,"Send Flowers, Cakes & Gifts to Rhode Island | Same-Day Delivery | BlossomPot","Send Flowers, Cakes & Gifts to Rhode Island",135,3,True,False
south-carolina,state,South Carolina,send flowers to South Carolina,"Send Flowers, Cakes & Gifts to South Carolina | Same-Day Delivery | BlossomPot","Send Flowers, Cakes & Gifts to South Carolina",136,3,True,False
south-dakota,state,South Dakota,send flowers to South Dakota,"Send Flowers, Cakes & Gifts to South Dakota | Same-Day Delivery | BlossomPot","Send Flowers, Cakes & Gifts to South Dakota",142,3,True,False
tennessee,state,Tennessee,send flowers to Tennessee,"Send Flowers, Cakes & Gifts to Tennessee | Same-Day Delivery | BlossomPot","Send Flowers, Cakes & Gifts to Tennessee",123,3,True,False
texas,state,Texas,send flowers to Texas,"Send Flowers, Cakes & Gifts to Texas | Same-Day Delivery | BlossomPot","Send Flowers, Cakes & Gifts to Texas",149,3,True,False
utah,state,Utah,send flowers to Utah,"Send Flowers, Cakes & Gifts to Utah | Same-Day Delivery | BlossomPot","Send Flowers, Cakes & Gifts to Utah",141,3,True,False
vermont,state,Vermont,send flowers to Vermont,"Send Flowers, Cakes & Gifts to Vermont | Same-Day Delivery | BlossomPot","Send Flowers, Cakes & Gifts to Vermont",132,3,True,False
virginia,state,Virginia,send flowers to Virginia,"Send Flowers, Cakes & Gifts to Virginia | Same-Day Delivery | BlossomPot","Send Flowers, Cakes & Gifts to Virginia",130,3,True,False
washington,state,Washington,send flowers to Washington,"Send Flowers, Cakes & Gifts to Washington | Same-Day Delivery | BlossomPot","Send Flowers, Cakes & Gifts to Washington",134,3,True,False
west-virginia,state,West Virginia,send flowers to West Virginia,"Send Flowers, Cakes & Gifts to West Virginia | Same-Day Delivery | BlossomPot","Send Flowers, Cakes & Gifts to West Virginia",127,3,True,False
wisconsin,state,Wisconsin,send flowers to Wisconsin,"Send Flowers, Cakes & Gifts to Wisconsin | Same-Day Delivery | BlossomPot","Send Flowers, Cakes & Gifts to Wisconsin",148,3,True,False
wyoming,state,Wyoming,send flowers to Wyoming,"Send Flowers, Cakes & Gifts to Wyoming | Same-Day Delivery | BlossomPot","Send Flowers, Cakes & Gifts to Wyoming",131,3,True,False
district-of-columbia,state,District of Columbia,send flowers to District of Columbia,"Send Flowers, Cakes & Gifts to District of Columbia | Same-Day Delivery | BlossomPot","Send Flowers, Cakes & Gifts to District of Columbia",140,3,True,False
puerto-rico,state,Puerto Rico,send flowers to Puerto Rico,"Send Flowers, Cakes & Gifts to Puerto Rico | Same-Day Delivery | BlossomPot","Send Flowers, Cakes & Gifts to Puerto Rico",133,3,True,False
birmingham,city,Alabama,send flowers to Birmingham,"Send Flowers, Cakes & Gifts to Birmingham, AL | Same-Day | BlossomPot","Send Flowers, Cakes & Gifts to Birmingham, AL",135,3,False,True
montgomery,city,Alabama,send flowers to Montgomery,"Send Flowers, Cakes & Gifts to Montgomery, AL | Same-Day | BlossomPot","Send Flowers, Cakes & Gifts to Montgomery, AL",129,3,False,True
huntsville,city,Alabama,send flowers to Huntsville,"Send Flowers, Cakes & Gifts to Huntsville, AL | Same-Day | BlossomPot","Send Flowers, Cakes & Gifts to Huntsville, AL",127,3,False,True
mobile,city,Alabama,send flowers to Mobile,"Send Flowers, Cakes & Gifts to Mobile, AL | Same-Day | BlossomPot","Send Flowers, Cakes & Gifts to Mobile, AL",120,3,False,True
tuscaloosa,city,Alabama,send flowers to Tuscaloosa,"Send Flowers, Cakes & Gifts to Tuscaloosa, AL | Same-Day | BlossomPot","Send Flowers, Cakes & Gifts to Tuscaloosa, AL",124,3,False,True
hoover,city,Alabama,send flowers to Hoover,"Send Flowers, Cakes & Gifts to Hoover, AL | Same-Day | BlossomPot","Send Flowers, Cakes & Gifts to Hoover, AL",122,3,False,True
anchorage,city,Alaska,send flowers to Anchorage,"Send Flowers, Cakes & Gifts to Anchorage, AK | Same-Day | BlossomPot","Send Flowers, Cakes & Gifts to Anchorage, AK",135,3,False,True
fairbanks,city,Alaska,send flowers to Fairbanks,"Send Flowers, Cakes & Gifts to Fairbanks, AK | Same-Day | BlossomPot","Send Flowers, Cakes & Gifts to Fairbanks, AK",129,3,False,True
juneau,city,Alaska,send flowers to Juneau,"Send Flowers, Cakes & Gifts to Juneau, AK | Same-Day | BlossomPot","Send Flowers, Cakes & Gifts to Juneau, AK",127,3,False,True
phoenix,city,Arizona,send flowers to Phoenix,"Send Flowers, Cakes & Gifts to Phoenix, AZ | Same-Day | BlossomPot","Send Flowers, Cakes & Gifts to Phoenix, AZ",124,3,False,True
tucson,city,Arizona,send flowers to Tucson,"Send Flowers, Cakes & Gifts to Tucson, AZ | Same-Day | BlossomPot","Send Flowers, Cakes & Gifts to Tucson, AZ",126,3,False,True
mesa,city,Arizona,send flowers to Mesa,"Send Flowers, Cakes & Gifts to Mesa, AZ | Same-Day | BlossomPot","Send Flowers, Cakes & Gifts to Mesa, AZ",126,3,False,True
chandler,city,Arizona,send flowers to Chandler,"Send Flowers, Cakes & Gifts to Chandler, AZ | Same-Day | BlossomPot","Send Flowers, Cakes & Gifts to Chandler, AZ",139,3,False,True
scottsdale,city,Arizona,send flowers to Scottsdale,"Send Flowers, Cakes & Gifts to Scottsdale, AZ | Same-Day | BlossomPot","Send Flowers, Cakes & Gifts to Scottsdale, AZ",133,3,False,True
glendale,city,Arizona,send flowers to Glendale,"Send Flowers, Cakes & Gifts to Glendale, AZ | Same-Day | BlossomPot","Send Flowers, Cakes & Gifts to Glendale, AZ",131,3,False,True
gilbert,city,Arizona,send flowers to Gilbert,"Send Flowers, Cakes & Gifts to Gilbert, AZ | Same-Day | BlossomPot","Send Flowers, Cakes & Gifts to Gilbert, AZ",124,3,False,True
tempe,city,Arizona,send flowers to Tempe,"Send Flowers, Cakes & Gifts to Tempe, AZ | Same-Day | BlossomPot","Send Flowers, Cakes & Gifts to Tempe, AZ",128,3,False,True
peoria,city,Arizona,send flowers to Peoria,"Send Flowers, Cakes & Gifts to Peoria, AZ | Same-Day | BlossomPot","Send Flowers, Cakes & Gifts to Peoria, AZ",126,3,False,True
surprise,city,Arizona,send flowers to Surprise,"Send Flowers, Cakes & Gifts to Surprise, AZ | Same-Day | BlossomPot","Send Flowers, Cakes & Gifts to Surprise, AZ",139,3,False,True
flagstaff,city,Arizona,send flowers to Flagstaff,"Send Flowers, Cakes & Gifts to Flagstaff, AZ | Same-Day | BlossomPot","Send Flowers, Cakes & Gifts to Flagstaff, AZ",131,3,False,True
little-rock,city,Arkansas,send flowers to Little Rock,"Send Flowers, Cakes & Gifts to Little Rock, AR | Same-Day | BlossomPot","Send Flowers, Cakes & Gifts to Little Rock, AR",135,3,False,True
fayetteville,city,Arkansas,send flowers to Fayetteville,"Send Flowers, Cakes & Gifts to Fayetteville, AR | Same-Day | BlossomPot","Send Flowers, Cakes & Gifts to Fayetteville, AR",122,3,False,True
fort-smith,city,Arkansas,send flowers to Fort Smith,"Send Flowers, Cakes & Gifts to Fort Smith, AR | Same-Day | BlossomPot","Send Flowers, Cakes & Gifts to Fort Smith, AR",134,3,False,True
springdale,city,Arkansas,send flowers to Springdale,"Send Flowers, Cakes & Gifts to Springdale, AR | Same-Day | BlossomPot","Send Flowers, Cakes & Gifts to Springdale, AR",124,3,False,True
bentonville,city,Arkansas,send flowers to Bentonville,"Send Flowers, Cakes & Gifts to Bentonville, AR | Same-Day | BlossomPot","Send Flowers, Cakes & Gifts to Bentonville, AR",135,3,False,True
rogers,city,Arkansas,send flowers to Rogers,"Send Flowers, Cakes & Gifts to Rogers, AR | Same-Day | BlossomPot","Send Flowers, Cakes & Gifts to Rogers, AR",129,3,False,True
los-angeles,city,California,send flowers to Los Angeles,"Send Flowers, Cakes & Gifts to Los Angeles, CA | Same-Day | BlossomPot","Send Flowers, Cakes & Gifts to Los Angeles, CA",136,3,False,True
san-diego,city,California,send flowers to San Diego,"Send Flowers, Cakes & Gifts to San Diego, CA | Same-Day | BlossomPot","Send Flowers, Cakes & Gifts to San Diego, CA",132,3,False,True
san-jose,city,California,send flowers to San Jose,"Send Flowers, Cakes & Gifts to San Jose, CA | Same-Day | BlossomPot","Send Flowers, Cakes & Gifts to San Jose, CA",137,3,False,True
san-francisco,city,California,send flowers to San Francisco,"Send Flowers, Cakes & Gifts to San Francisco, CA | Same-Day | BlossomPot","Send Flowers, Cakes & Gifts to San Francisco, CA",134,3,False,True
fresno,city,California,send flowers to Fresno,"Send Flowers, Cakes & Gifts to Fresno, CA | Same-Day | BlossomPot","Send Flowers, Cakes & Gifts to Fresno, CA",135,3,False,True
sacramento,city,California,send flowers to Sacramento,"Send Flowers, Cakes & Gifts to Sacramento, CA | Same-Day | BlossomPot","Send Flowers, Cakes & Gifts to Sacramento, CA",134,3,False,True
long-beach,city,California,send flowers to Long Beach,"Send Flowers, Cakes & Gifts to Long Beach, CA | Same-Day | BlossomPot","Send Flowers, Cakes & Gifts to Long Beach, CA",136,3,False,True
oakland,city,California,send flowers to Oakland,"Send Flowers, Cakes & Gifts to Oakland, CA | Same-Day | BlossomPot","Send Flowers, Cakes & Gifts to Oakland, CA",127,3,False,True
bakersfield,city,California,send flowers to Bakersfield,"Send Flowers, Cakes & Gifts to Bakersfield, CA | Same-Day | BlossomPot","Send Flowers, Cakes & Gifts to Bakersfield, CA",124,3,False,True
anaheim,city,California,send flowers to Anaheim,"Send Flowers, Cakes & Gifts to Anaheim, CA | Same-Day | BlossomPot","Send Flowers, Cakes & Gifts to Anaheim, CA",128,3,False,True
santa-ana,city,California,send flowers to Santa Ana,"Send Flowers, Cakes & Gifts to Santa Ana, CA | Same-Day | BlossomPot","Send Flowers, Cakes & Gifts to Santa Ana, CA",147,3,False,True
riverside,city,California,send flowers to Riverside,"Send Flowers, Cakes & Gifts to Riverside, CA | Same-Day | BlossomPot","Send Flowers, Cakes & Gifts to Riverside, CA",136,3,False,True
irvine,city,California,send flowers to Irvine,"Send Flowers, Cakes & Gifts to Irvine, CA | Same-Day | BlossomPot","Send Flowers, Cakes & Gifts to Irvine, CA",136,3,False,False
chula-vista,city,California,send flowers to Chula Vista,"Send Flowers, Cakes & Gifts to Chula Vista, CA | Same-Day | BlossomPot","Send Flowers, Cakes & Gifts to Chula Vista, CA",132,3,False,False
fremont,city,California,send flowers to Fremont,"Send Flowers, Cakes & Gifts to Fremont, CA | Same-Day | BlossomPot","Send Flowers, Cakes & Gifts to Fremont, CA",129,3,False,False
san-bernardino,city,California,send flowers to San Bernardino,"Send Flowers, Cakes & Gifts to San Bernardino, CA | Same-Day | BlossomPot","Send Flowers, Cakes & Gifts to San Bernardino, CA",132,3,False,False
modesto,city,California,send flowers to Modesto,"Send Flowers, Cakes & Gifts to Modesto, CA | Same-Day | BlossomPot","Send Flowers, Cakes & Gifts to Modesto, CA",137,3,False,False
fontana,city,California,send flowers to Fontana,"Send Flowers, Cakes & Gifts to Fontana, CA | Same-Day | BlossomPot","Send Flowers, Cakes & Gifts to Fontana, CA",135,3,False,False
oxnard,city,California,send flowers to Oxnard,"Send Flowers, Cakes & Gifts to Oxnard, CA | Same-Day | BlossomPot","Send Flowers, Cakes & Gifts to Oxnard, CA",139,3,False,False
moreno-valley,city,California,send flowers to Moreno Valley,"Send Flowers, Cakes & Gifts to Moreno Valley, CA | Same-Day | BlossomPot","Send Flowers, Cakes & Gifts to Moreno Valley, CA",131,3,False,False
huntington-beach,city,California,send flowers to Huntington Beach,"Send Flowers, Cakes & Gifts to Huntington Beach, CA | Same-Day | BlossomPot","Send Flowers, Cakes & Gifts to Huntington Beach, CA",141,3,False,False
glendale-ca,city,California,send flowers to Glendale,"Send Flowers, Cakes & Gifts to Glendale, CA | Same-Day | BlossomPot","Send Flowers, Cakes & Gifts to Glendale, CA",127,3,False,False
santa-clarita,city,California,send flowers to Santa Clarita,"Send Flowers, Cakes & Gifts to Santa Clarita, CA | Same-Day | BlossomPot","Send Flowers, Cakes & Gifts to Santa Clarita, CA",144,3,False,False
garden-grove,city,California,send flowers to Garden Grove,"Send Flowers, Cakes & Gifts to Garden Grove, CA | Same-Day | BlossomPot","Send Flowers, Cakes & Gifts to Garden Grove, CA",121,3,False,False
oceanside,city,California,send flowers to Oceanside,"Send Flowers, Cakes & Gifts to Oceanside, CA | Same-Day | BlossomPot","Send Flowers, Cakes & Gifts to Oceanside, CA",130,3,False,False
rancho-cucamonga,city,California,send flowers to Rancho Cucamonga,"Send Flowers, Cakes & Gifts to Rancho Cucamonga, CA | Same-Day | BlossomPot","Send Flowers, Cakes & Gifts to Rancho Cucamonga, CA",130,3,False,False
santa-rosa,city,California,send flowers to Santa Rosa,"Send Flowers, Cakes & Gifts to Santa Rosa, CA | Same-Day | BlossomPot","Send Flowers, Cakes & Gifts to Santa Rosa, CA",133,3,False,False
ontario,city,California,send flowers to Ontario,"Send Flowers, Cakes & Gifts to Ontario, CA | Same-Day | BlossomPot","Send Flowers, Cakes & Gifts to Ontario, CA",128,3,False,False
elk-grove,city,California,send flowers to Elk Grove,"Send Flowers, Cakes & Gifts to Elk Grove, CA | Same-Day | BlossomPot","Send Flowers, Cakes & Gifts to Elk Grove, CA",143,3,False,False
corona,city,California,send flowers to Corona,"Send Flowers, Cakes & Gifts to Corona, CA | Same-Day | BlossomPot","Send Flowers, Cakes & Gifts to Corona, CA",132,3,False,False
lancaster,city,California,send flowers to Lancaster,"Send Flowers, Cakes & Gifts to Lancaster, CA | Same-Day | BlossomPot","Send Flowers, Cakes & Gifts to Lancaster, CA",132,3,False,False
palmdale,city,California,send flowers to Palmdale,"Send Flowers, Cakes & Gifts to Palmdale, CA | Same-Day | BlossomPot","Send Flowers, Cakes & Gifts to Palmdale, CA",125,3,False,False
salinas,city,California,send flowers to Salinas,"Send Flowers, Cakes & Gifts to Salinas, CA | Same-Day | BlossomPot","Send Flowers, Cakes & Gifts to Salinas, CA",131,3,False,False
hayward,city,California,send flowers to Hayward,"Send Flowers, Cakes & Gifts to Hayward, CA | Same-Day | BlossomPot","Send Flowers, Cakes & Gifts to Hayward, CA",128,3,False,False
pomona,city,California,send flowers to Pomona,"Send Flowers, Cakes & Gifts to Pomona, CA | Same-Day | BlossomPot","Send Flowers, Cakes & Gifts to Pomona, CA",142,3,False,False
escondido,city,California,send flowers to Escondido,"Send Flowers, Cakes & Gifts to Escondido, CA | Same-Day | BlossomPot","Send Flowers, Cakes & Gifts to Escondido, CA",133,3,False,False
sunnyvale,city,California,send flowers to Sunnyvale,"Send Flowers, Cakes & Gifts to Sunnyvale, CA | Same-Day | BlossomPot","Send Flowers, Cakes & Gifts to Sunnyvale, CA",136,3,False,False
torrance,city,California,send flowers to Torrance,"Send Flowers, Cakes & Gifts to Torrance, CA | Same-Day | BlossomPot","Send Flowers, Cakes & Gifts to Torrance, CA",128,3,False,False
pasadena,city,California,send flowers to Pasadena,"Send Flowers, Cakes & Gifts to Pasadena, CA | Same-Day | BlossomPot","Send Flowers, Cakes & Gifts to Pasadena, CA",127,3,False,False
orange,city,California,send flowers to Orange,"Send Flowers, Cakes & Gifts to Orange, CA | Same-Day | BlossomPot","Send Flowers, Cakes & Gifts to Orange, CA",130,3,False,False
fullerton,city,California,send flowers to Fullerton,"Send Flowers, Cakes & Gifts to Fullerton, CA | Same-Day | BlossomPot","Send Flowers, Cakes & Gifts to Fullerton, CA",140,3,False,False
thousand-oaks,city,California,send flowers to Thousand Oaks,"Send Flowers, Cakes & Gifts to Thousand Oaks, CA | Same-Day | BlossomPot","Send Flowers, Cakes & Gifts to Thousand Oaks, CA",124,3,False,False
visalia,city,California,send flowers to Visalia,"Send Flowers, Cakes & Gifts to Visalia, CA | Same-Day | BlossomPot","Send Flowers, Cakes & Gifts to Visalia, CA",127,3,False,False
roseville,city,California,send flowers to Roseville,"Send Flowers, Cakes & Gifts to Roseville, CA | Same-Day | BlossomPot","Send Flowers, Cakes & Gifts to Roseville, CA",124,3,False,False
concord,city,California,send flowers to Concord,"Send Flowers, Cakes & Gifts to Concord, CA | Same-Day | BlossomPot","Send Flowers, Cakes & Gifts to Concord, CA",132,3,False,False
santa-clara,city,California,send flowers to Santa Clara,"Send Flowers, Cakes & Gifts to Santa Clara, CA | Same-Day | BlossomPot","Send Flowers, Cakes & Gifts to Santa Clara, CA",134,3,False,False
vallejo,city,California,send flowers to Vallejo,"Send Flowers, Cakes & Gifts to Vallejo, CA | Same-Day | BlossomPot","Send Flowers, Cakes & Gifts to Vallejo, CA",137,3,False,False
berkeley,city,California,send flowers to Berkeley,"Send Flowers, Cakes & Gifts to Berkeley, CA | Same-Day | BlossomPot","Send Flowers, Cakes & Gifts to Berkeley, CA",134,3,False,False
fairfield,city,California,send flowers to Fairfield,"Send Flowers, Cakes & Gifts to Fairfield, CA | Same-Day | BlossomPot","Send Flowers, Cakes & Gifts to Fairfield, CA",130,3,False,False
antioch,city,California,send flowers to Antioch,"Send Flowers, Cakes & Gifts to Antioch, CA | Same-Day | BlossomPot","Send Flowers, Cakes & Gifts to Antioch, CA",127,3,False,False
richmond,city,California,send flowers to Richmond,"Send Flowers, Cakes & Gifts to Richmond, CA | Same-Day | BlossomPot","Send Flowers, Cakes & Gifts to Richmond, CA",130,3,False,False
murrieta,city,California,send flowers to Murrieta,"Send Flowers, Cakes & Gifts to Murrieta, CA | Same-Day | BlossomPot","Send Flowers, Cakes & Gifts to Murrieta, CA",127,3,False,False
temecula,city,California,send flowers to Temecula,"Send Flowers, Cakes & Gifts to Temecula, CA | Same-Day | BlossomPot","Send Flowers, Cakes & Gifts to Temecula, CA",138,3,False,False
carlsbad,city,California,send flowers to Carlsbad,"Send Flowers, Cakes & Gifts to Carlsbad, CA | Same-Day | BlossomPot","Send Flowers, Cakes & Gifts to Carlsbad, CA",132,3,False,False
milpitas,city,California,send flowers to Milpitas,"Send Flowers, Cakes & Gifts to Milpitas, CA | Same-Day | BlossomPot","Send Flowers, Cakes & Gifts to Milpitas, CA",137,3,False,False
pleasanton,city,California,send flowers to Pleasanton,"Send Flowers, Cakes & Gifts to Pleasanton, CA | Same-Day | BlossomPot","Send Flowers, Cakes & Gifts to Pleasanton, CA",125,3,False,False
livermore,city,California,send flowers to Livermore,"Send Flowers, Cakes & Gifts to Livermore, CA | Same-Day | BlossomPot","Send Flowers, Cakes & Gifts to Livermore, CA",129,3,False,False
mountain-view,city,California,send flowers to Mountain View,"Send Flowers, Cakes & Gifts to Mountain View, CA | Same-Day | BlossomPot","Send Flowers, Cakes & Gifts to Mountain View, CA",134,3,False,False
cupertino,city,California,send flowers to Cupertino,"Send Flowers, Cakes & Gifts to Cupertino, CA | Same-Day | BlossomPot","Send Flowers, Cakes & Gifts to Cupertino, CA",143,3,False,False
redwood-city,city,California,send flowers to Redwood City,"Send Flowers, Cakes & Gifts to Redwood City, CA | Same-Day | BlossomPot","Send Flowers, Cakes & Gifts to Redwood City, CA",124,3,False,False
palo-alto,city,California,send flowers to Palo Alto,"Send Flowers, Cakes & Gifts to Palo Alto, CA | Same-Day | BlossomPot","Send Flowers, Cakes & Gifts to Palo Alto, CA",140,3,False,False
san-mateo,city,California,send flowers to San Mateo,"Send Flowers, Cakes & Gifts to San Mateo, CA | Same-Day | BlossomPot","Send Flowers, Cakes & Gifts to San Mateo, CA",138,3,False,False
daly-city,city,California,send flowers to Daly City,"Send Flowers, Cakes & Gifts to Daly City, CA | Same-Day | BlossomPot","Send Flowers, Cakes & Gifts to Daly City, CA",139,3,False,False
burbank,city,California,send flowers to Burbank,"Send Flowers, Cakes & Gifts to Burbank, CA | Same-Day | BlossomPot","Send Flowers, Cakes & Gifts to Burbank, CA",128,3,False,False
inglewood,city,California,send flowers to Inglewood,"Send Flowers, Cakes & Gifts to Inglewood, CA | Same-Day | BlossomPot","Send Flowers, Cakes & Gifts to Inglewood, CA",144,3,False,False
west-covina,city,California,send flowers to West Covina,"Send Flowers, Cakes & Gifts to West Covina, CA | Same-Day | BlossomPot","Send Flowers, Cakes & Gifts to West Covina, CA",120,3,False,False
norwalk,city,California,send flowers to Norwalk,"Send Flowers, Cakes & Gifts to Norwalk, CA | Same-Day | BlossomPot","Send Flowers, Cakes & Gifts to Norwalk, CA",130,3,False,True
downey,city,California,send flowers to Downey,"Send Flowers, Cakes & Gifts to Downey, CA | Same-Day | BlossomPot","Send Flowers, Cakes & Gifts to Downey, CA",125,3,False,False
costa-mesa,city,California,send flowers to Costa Mesa,"Send Flowers, Cakes & Gifts to Costa Mesa, CA | Same-Day | BlossomPot","Send Flowers, Cakes & Gifts to Costa Mesa, CA",120,3,False,False
newport-beach,city,California,send flowers to Newport Beach,"Send Flowers, Cakes & Gifts to Newport Beach, CA | Same-Day | BlossomPot","Send Flowers, Cakes & Gifts to Newport Beach, CA",137,3,False,False
redlands,city,California,send flowers to Redlands,"Send Flowers, Cakes & Gifts to Redlands, CA | Same-Day | BlossomPot","Send Flowers, Cakes & Gifts to Redlands, CA",142,3,False,False
chico,city,California,send flowers to Chico,"Send Flowers, Cakes & Gifts to Chico, CA | Same-Day | BlossomPot","Send Flowers, Cakes & Gifts to Chico, CA",129,3,False,False
merced,city,California,send flowers to Merced,"Send Flowers, Cakes & Gifts to Merced, CA | Same-Day | BlossomPot","Send Flowers, Cakes & Gifts to Merced, CA",127,3,False,False
tracy,city,California,send flowers to Tracy,"Send Flowers, Cakes & Gifts to Tracy, CA | Same-Day | BlossomPot","Send Flowers, Cakes & Gifts to Tracy, CA",122,3,False,False
folsom,city,California,send flowers to Folsom,"Send Flowers, Cakes & Gifts to Folsom, CA | Same-Day | BlossomPot","Send Flowers, Cakes & Gifts to Folsom, CA",127,3,False,False
napa,city,California,send flowers to Napa,"Send Flowers, Cakes & Gifts to Napa, CA | Same-Day | BlossomPot","Send Flowers, Cakes & Gifts to Napa, CA",126,3,False,False
walnut-creek,city,California,send flowers to Walnut Creek,"Send Flowers, Cakes & Gifts to Walnut Creek, CA | Same-Day | BlossomPot","Send Flowers, Cakes & Gifts to Walnut Creek, CA",145,3,False,False
dublin,city,California,send flowers to Dublin,"Send Flowers, Cakes & Gifts to Dublin, CA | Same-Day | BlossomPot","Send Flowers, Cakes & Gifts to Dublin, CA",135,3,False,False
san-ramon,city,California,send flowers to San Ramon,"Send Flowers, Cakes & Gifts to San Ramon, CA | Same-Day | BlossomPot","Send Flowers, Cakes & Gifts to San Ramon, CA",137,3,False,False
union-city,city,California,send flowers to Union City,"Send Flowers, Cakes & Gifts to Union City, CA | Same-Day | BlossomPot","Send Flowers, Cakes & Gifts to Union City, CA",129,3,False,False
newark,city,California,send flowers to Newark,"Send Flowers, Cakes & Gifts to Newark, CA | Same-Day | BlossomPot","Send Flowers, Cakes & Gifts to Newark, CA",132,3,False,True
cerritos,city,California,send flowers to Cerritos,"Send Flowers, Cakes & Gifts to Cerritos, CA | Same-Day | BlossomPot","Send Flowers, Cakes & Gifts to Cerritos, CA",126,3,False,False
diamond-bar,city,California,send flowers to Diamond Bar,"Send Flowers, Cakes & Gifts to Diamond Bar, CA | Same-Day | BlossomPot","Send Flowers, Cakes & Gifts to Diamond Bar, CA",145,3,False,False
arcadia,city,California,send flowers to Arcadia,"Send Flowers, Cakes & Gifts to Arcadia, CA | Same-Day | BlossomPot","Send Flowers, Cakes & Gifts to Arcadia, CA",134,3,False,False
alhambra,city,California,send flowers to Alhambra,"Send Flowers, Cakes & Gifts to Alhambra, CA | Same-Day | BlossomPot","Send Flowers, Cakes & Gifts to Alhambra, CA",130,3,False,False
culver-city,city,California,send flowers to Culver City,"Send Flowers, Cakes & Gifts to Culver City, CA | Same-Day | BlossomPot","Send Flowers, Cakes & Gifts to Culver City, CA",135,3,False,False
beverly-hills,city,California,send flowers to Beverly Hills,"Send Flowers, Cakes & Gifts to Beverly Hills, CA | Same-Day | BlossomPot","Send Flowers, Cakes & Gifts to Beverly Hills, CA",139,3,False,False
santa-monica,city,California,send flowers to Santa Monica,"Send Flowers, Cakes & Gifts to Santa Monica, CA | Same-Day | BlossomPot","Send Flowers, Cakes & Gifts to Santa Monica, CA",137,3,False,False
denver,city,Colorado,send flowers to Denver,"Send Flowers, Cakes & Gifts to Denver, CO | Same-Day | BlossomPot","Send Flowers, Cakes & Gifts to Denver, CO",137,3,False,True
colorado-springs,city,Colorado,send flowers to Colorado Springs,"Send Flowers, Cakes & Gifts to Colorado Springs, CO | Same-Day | BlossomPot","Send Flowers, Cakes & Gifts to Colorado Springs, CO",139,3,False,True
aurora,city,Colorado,send flowers to Aurora,"Send Flowers, Cakes & Gifts to Aurora, CO | Same-Day | BlossomPot","Send Flowers, Cakes & Gifts to Aurora, CO",129,3,False,True
fort-collins,city,Colorado,send flowers to Fort Collins,"Send Flowers, Cakes & Gifts to Fort Collins, CO | Same-Day | BlossomPot","Send Flowers, Cakes & Gifts to Fort Collins, CO",129,3,False,True
lakewood,city,Colorado,send flowers to Lakewood,"Send Flowers, Cakes & Gifts to Lakewood, CO | Same-Day | BlossomPot","Send Flowers, Cakes & Gifts to Lakewood, CO",126,3,False,True
thornton,city,Colorado,send flowers to Thornton,"Send Flowers, Cakes & Gifts to Thornton, CO | Same-Day | BlossomPot","Send Flowers, Cakes & Gifts to Thornton, CO",124,3,False,True
arvada,city,Colorado,send flowers to Arvada,"Send Flowers, Cakes & Gifts to Arvada, CO | Same-Day | BlossomPot","Send Flowers, Cakes & Gifts to Arvada, CO",137,3,False,True
westminster,city,Colorado,send flowers to Westminster,"Send Flowers, Cakes & Gifts to Westminster, CO | Same-Day | BlossomPot","Send Flowers, Cakes & Gifts to Westminster, CO",131,3,False,True
boulder,city,Colorado,send flowers to Boulder,"Send Flowers, Cakes & Gifts to Boulder, CO | Same-Day | BlossomPot","Send Flowers, Cakes & Gifts to Boulder, CO",129,3,False,True
pueblo,city,Colorado,send flowers to Pueblo,"Send Flowers, Cakes & Gifts to Pueblo, CO | Same-Day | BlossomPot","Send Flowers, Cakes & Gifts to Pueblo, CO",120,3,False,True
centennial,city,Colorado,send flowers to Centennial,"Send Flowers, Cakes & Gifts to Centennial, CO | Same-Day | BlossomPot","Send Flowers, Cakes & Gifts to Centennial, CO",129,3,False,True
greeley,city,Colorado,send flowers to Greeley,"Send Flowers, Cakes & Gifts to Greeley, CO | Same-Day | BlossomPot","Send Flowers, Cakes & Gifts to Greeley, CO",127,3,False,True
longmont,city,Colorado,send flowers to Longmont,"Send Flowers, Cakes & Gifts to Longmont, CO | Same-Day | BlossomPot","Send Flowers, Cakes & Gifts to Longmont, CO",137,3,False,False
castle-rock,city,Colorado,send flowers to Castle Rock,"Send Flowers, Cakes & Gifts to Castle Rock, CO | Same-Day | BlossomPot","Send Flowers, Cakes & Gifts to Castle Rock, CO",138,3,False,False
broomfield,city,Colorado,send flowers to Broomfield,"Send Flowers, Cakes & Gifts to Broomfield, CO | Same-Day | BlossomPot","Send Flowers, Cakes & Gifts to Broomfield, CO",129,3,False,False
bridgeport,city,Connecticut,send flowers to Bridgeport,"Send Flowers, Cakes & Gifts to Bridgeport, CT | Same-Day | BlossomPot","Send Flowers, Cakes & Gifts to Bridgeport, CT",124,3,False,True
new-haven,city,Connecticut,send flowers to New Haven,"Send Flowers, Cakes & Gifts to New Haven, CT | Same-Day | BlossomPot","Send Flowers, Cakes & Gifts to New Haven, CT",133,3,False,True
stamford,city,Connecticut,send flowers to Stamford,"Send Flowers, Cakes & Gifts to Stamford, CT | Same-Day | BlossomPot","Send Flowers, Cakes & Gifts to Stamford, CT",126,3,False,True
hartford,city,Connecticut,send flowers to Hartford,"Send Flowers, Cakes & Gifts to Hartford, CT | Same-Day | BlossomPot","Send Flowers, Cakes & Gifts to Hartford, CT",140,3,False,True
waterbury,city,Connecticut,send flowers to Waterbury,"Send Flowers, Cakes & Gifts to Waterbury, CT | Same-Day | BlossomPot","Send Flowers, Cakes & Gifts to Waterbury, CT",137,3,False,True
norwalk-ct,city,Connecticut,send flowers to Norwalk,"Send Flowers, Cakes & Gifts to Norwalk, CT | Same-Day | BlossomPot","Send Flowers, Cakes & Gifts to Norwalk, CT",130,3,False,False
danbury,city,Connecticut,send flowers to Danbury,"Send Flowers, Cakes & Gifts to Danbury, CT | Same-Day | BlossomPot","Send Flowers, Cakes & Gifts to Danbury, CT",122,3,False,True
greenwich,city,Connecticut,send flowers to Greenwich,"Send Flowers, Cakes & Gifts to Greenwich, CT | Same-Day | BlossomPot","Send Flowers, Cakes & Gifts to Greenwich, CT",130,3,False,True
stratford,city,Connecticut,send flowers to Stratford,"Send Flowers, Cakes & Gifts to Stratford, CT | Same-Day | BlossomPot","Send Flowers, Cakes & Gifts to Stratford, CT",127,3,False,True
west-hartford,city,Connecticut,send flowers to West Hartford,"Send Flowers, Cakes & Gifts to West Hartford, CT | Same-Day | BlossomPot","Send Flowers, Cakes & Gifts to West Hartford, CT",144,3,False,True
wilmington,city,Delaware,send flowers to Wilmington,"Send Flowers, Cakes & Gifts to Wilmington, DE | Same-Day | BlossomPot","Send Flowers, Cakes & Gifts to Wilmington, DE",134,3,False,True
dover,city,Delaware,send flowers to Dover,"Send Flowers, Cakes & Gifts to Dover, DE | Same-Day | BlossomPot","Send Flowers, Cakes & Gifts to Dover, DE",129,3,False,True
newark-de,city,Delaware,send flowers to Newark,"Send Flowers, Cakes & Gifts to Newark, DE | Same-Day | BlossomPot","Send Flowers, Cakes & Gifts to Newark, DE",124,3,False,False
jacksonville,city,Florida,send flowers to Jacksonville,"Send Flowers, Cakes & Gifts to Jacksonville, FL | Same-Day | BlossomPot","Send Flowers, Cakes & Gifts to Jacksonville, FL",124,3,False,True
miami,city,Florida,send flowers to Miami,"Send Flowers, Cakes & Gifts to Miami, FL | Same-Day | BlossomPot","Send Flowers, Cakes & Gifts to Miami, FL",125,3,False,True
tampa,city,Florida,send flowers to Tampa,"Send Flowers, Cakes & Gifts to Tampa, FL | Same-Day | BlossomPot","Send Flowers, Cakes & Gifts to Tampa, FL",139,3,False,True
orlando,city,Florida,send flowers to Orlando,"Send Flowers, Cakes & Gifts to Orlando, FL | Same-Day | BlossomPot","Send Flowers, Cakes & Gifts to Orlando, FL",135,3,False,True
st-petersburg,city,Florida,send flowers to St. Petersburg,"Send Flowers, Cakes & Gifts to St. Petersburg, FL | Same-Day | BlossomPot","Send Flowers, Cakes & Gifts to St. Petersburg, FL",134,3,False,True
hialeah,city,Florida,send flowers to Hialeah,"Send Flowers, Cakes & Gifts to Hialeah, FL | Same-Day | BlossomPot","Send Flowers, Cakes & Gifts to Hialeah, FL",124,3,False,True
port-st-lucie,city,Florida,send flowers to Port St. Lucie,"Send Flowers, Cakes & Gifts to Port St. Lucie, FL | Same-Day | BlossomPot","Send Flowers, Cakes & Gifts to Port St. Lucie, FL",124,3,False,True
cape-coral,city,Florida,send flowers to Cape Coral,"Send Flowers, Cakes & Gifts to Cape Coral, FL | Same-Day | BlossomPot","Send Flowers, Cakes & Gifts to Cape Coral, FL",131,3,False,True
tallahassee,city,Florida,send flowers to Tallahassee,"Send Flowers, Cakes & Gifts to Tallahassee, FL | Same-Day | BlossomPot","Send Flowers, Cakes & Gifts to Tallahassee, FL",135,3,False,True
fort-lauderdale,city,Florida,send flowers to Fort Lauderdale,"Send Flowers, Cakes & Gifts to Fort Lauderdale, FL | Same-Day | BlossomPot","Send Flowers, Cakes & Gifts to Fort Lauderdale, FL",120,3,False,True
pembroke-pines,city,Florida,send flowers to Pembroke Pines,"Send Flowers, Cakes & Gifts to Pembroke Pines, FL | Same-Day | BlossomPot","Send Flowers, Cakes & Gifts to Pembroke Pines, FL",134,3,False,True
hollywood,city,Florida,send flowers to Hollywood,"Send Flowers, Cakes & Gifts to Hollywood, FL | Same-Day | BlossomPot","Send Flowers, Cakes & Gifts to Hollywood, FL",126,3,False,True
gainesville,city,Florida,send flowers to Gainesville,"Send Flowers, Cakes & Gifts to Gainesville, FL | Same-Day | BlossomPot","Send Flowers, Cakes & Gifts to Gainesville, FL",124,3,False,False
miramar,city,Florida,send flowers to Miramar,"Send Flowers, Cakes & Gifts to Miramar, FL | Same-Day | BlossomPot","Send Flowers, Cakes & Gifts to Miramar, FL",128,3,False,False
coral-springs,city,Florida,send flowers to Coral Springs,"Send Flowers, Cakes & Gifts to Coral Springs, FL | Same-Day | BlossomPot","Send Flowers, Cakes & Gifts to Coral Springs, FL",147,3,False,False
palm-bay,city,Florida,send flowers to Palm Bay,"Send Flowers, Cakes & Gifts to Palm Bay, FL | Same-Day | BlossomPot","Send Flowers, Cakes & Gifts to Palm Bay, FL",121,3,False,False
west-palm-beach,city,Florida,send flowers to West Palm Beach,"Send Flowers, Cakes & Gifts to West Palm Beach, FL | Same-Day | BlossomPot","Send Flowers, Cakes & Gifts to West Palm Beach, FL",122,3,False,False
clearwater,city,Florida,send flowers to Clearwater,"Send Flowers, Cakes & Gifts to Clearwater, FL | Same-Day | BlossomPot","Send Flowers, Cakes & Gifts to Clearwater, FL",125,3,False,False
lakeland,city,Florida,send flowers to Lakeland,"Send Flowers, Cakes & Gifts to Lakeland, FL | Same-Day | BlossomPot","Send Flowers, Cakes & Gifts to Lakeland, FL",129,3,False,False
pompano-beach,city,Florida,send flowers to Pompano Beach,"Send Flowers, Cakes & Gifts to Pompano Beach, FL | Same-Day | BlossomPot","Send Flowers, Cakes & Gifts to Pompano Beach, FL",137,3,False,False
boca-raton,city,Florida,send flowers to Boca Raton,"Send Flowers, Cakes & Gifts to Boca Raton, FL | Same-Day | BlossomPot","Send Flowers, Cakes & Gifts to Boca Raton, FL",150,3,False,False
naples,city,Florida,send flowers to Naples,"Send Flowers, Cakes & Gifts to Naples, FL | Same-Day | BlossomPot","Send Flowers, Cakes & Gifts to Naples, FL",129,3,False,False
sarasota,city,Florida,send flowers to Sarasota,"Send Flowers, Cakes & Gifts to Sarasota, FL | Same-Day | BlossomPot","Send Flowers, Cakes & Gifts to Sarasota, FL",132,3,False,False
kissimmee,city,Florida,send flowers to Kissimmee,"Send Flowers, Cakes & Gifts to Kissimmee, FL | Same-Day | BlossomPot","Send Flowers, Cakes & Gifts to Kissimmee, FL",125,3,False,False
fort-myers,city,Florida,send flowers to Fort Myers,"Send Flowers, Cakes & Gifts to Fort Myers, FL | Same-Day | BlossomPot","Send Flowers, Cakes & Gifts to Fort Myers, FL",134,3,False,False
bradenton,city,Florida,send flowers to Bradenton,"Send Flowers, Cakes & Gifts to Bradenton, FL | Same-Day | BlossomPot","Send Flowers, Cakes & Gifts to Bradenton, FL",127,3,False,False
ocala,city,Florida,send flowers to Ocala,"Send Flowers, Cakes & Gifts to Ocala, FL | Same-Day | BlossomPot","Send Flowers, Cakes & Gifts to Ocala, FL",137,3,False,False
doral,city,Florida,send flowers to Doral,"Send Flowers, Cakes & Gifts to Doral, FL | Same-Day | BlossomPot","Send Flowers, Cakes & Gifts to Doral, FL",132,3,False,False
sunrise,city,Florida,send flowers to Sunrise,"Send Flowers, Cakes & Gifts to Sunrise, FL | Same-Day | BlossomPot","Send Flowers, Cakes & Gifts to Sunrise, FL",135,3,False,False
plantation,city,Florida,send flowers to Plantation,"Send Flowers, Cakes & Gifts to Plantation, FL | Same-Day | BlossomPot","Send Flowers, Cakes & Gifts to Plantation, FL",128,3,False,False
delray-beach,city,Florida,send flowers to Delray Beach,"Send Flowers, Cakes & Gifts to Delray Beach, FL | Same-Day | BlossomPot","Send Flowers, Cakes & Gifts to Delray Beach, FL",120,3,False,False
jupiter,city,Florida,send flowers to Jupiter,"Send Flowers, Cakes & Gifts to Jupiter, FL | Same-Day | BlossomPot","Send Flowers, Cakes & Gifts to Jupiter, FL",136,3,False,False
weston,city,Florida,send flowers to Weston,"Send Flowers, Cakes & Gifts to Weston, FL | Same-Day | BlossomPot","Send Flowers, Cakes & Gifts to Weston, FL",140,3,False,False
wellington,city,Florida,send flowers to Wellington,"Send Flowers, Cakes & Gifts to Wellington, FL | Same-Day | BlossomPot","Send Flowers, Cakes & Gifts to Wellington, FL",120,3,False,False
melbourne,city,Florida,send flowers to Melbourne,"Send Flowers, Cakes & Gifts to Melbourne, FL | Same-Day | BlossomPot","Send Flowers, Cakes & Gifts to Melbourne, FL",133,3,False,False
daytona-beach,city,Florida,send flowers to Daytona Beach,"Send Flowers, Cakes & Gifts to Daytona Beach, FL | Same-Day | BlossomPot","Send Flowers, Cakes & Gifts to Daytona Beach, FL",130,3,False,False
winter-garden,city,Florida,send flowers to Winter Garden,"Send Flowers, Cakes & Gifts to Winter Garden, FL | Same-Day | BlossomPot","Send Flowers, Cakes & Gifts to Winter Garden, FL",133,3,False,False
windermere,city,Florida,send flowers to Windermere,"Send Flowers, Cakes & Gifts to Windermere, FL | Same-Day | BlossomPot","Send Flowers, Cakes & Gifts to Windermere, FL",128,3,False,False
atlanta,city,Georgia,send flowers to Atlanta,"Send Flowers, Cakes & Gifts to Atlanta, GA | Same-Day | BlossomPot","Send Flowers, Cakes & Gifts to Atlanta, GA",140,3,False,True
augusta,city,Georgia,send flowers to Augusta,"Send Flowers, Cakes & Gifts to Augusta, GA | Same-Day | BlossomPot","Send Flowers, Cakes & Gifts to Augusta, GA",129,3,False,True
columbus,city,Georgia,send flowers to Columbus,"Send Flowers, Cakes & Gifts to Columbus, GA | Same-Day | BlossomPot","Send Flowers, Cakes & Gifts to Columbus, GA",127,3,False,True
savannah,city,Georgia,send flowers to Savannah,"Send Flowers, Cakes & Gifts to Savannah, GA | Same-Day | BlossomPot","Send Flowers, Cakes & Gifts to Savannah, GA",120,3,False,True
athens,city,Georgia,send flowers to Athens,"Send Flowers, Cakes & Gifts to Athens, GA | Same-Day | BlossomPot","Send Flowers, Cakes & Gifts to Athens, GA",127,3,False,True
sandy-springs,city,Georgia,send flowers to Sandy Springs,"Send Flowers, Cakes & Gifts to Sandy Springs, GA | Same-Day | BlossomPot","Send Flowers, Cakes & Gifts to Sandy Springs, GA",131,3,False,True
roswell,city,Georgia,send flowers to Roswell,"Send Flowers, Cakes & Gifts to Roswell, GA | Same-Day | BlossomPot","Send Flowers, Cakes & Gifts to Roswell, GA",140,3,False,True
macon,city,Georgia,send flowers to Macon,"Send Flowers, Cakes & Gifts to Macon, GA | Same-Day | BlossomPot","Send Flowers, Cakes & Gifts to Macon, GA",129,3,False,True
johns-creek,city,Georgia,send flowers to Johns Creek,"Send Flowers, Cakes & Gifts to Johns Creek, GA | Same-Day | BlossomPot","Send Flowers, Cakes & Gifts to Johns Creek, GA",135,3,False,True
albany,city,Georgia,send flowers to Albany,"Send Flowers, Cakes & Gifts to Albany, GA | Same-Day | BlossomPot","Send Flowers, Cakes & Gifts to Albany, GA",120,3,False,True
warner-robins,city,Georgia,send flowers to Warner Robins,"Send Flowers, Cakes & Gifts to Warner Robins, GA | Same-Day | BlossomPot","Send Flowers, Cakes & Gifts to Warner Robins, GA",134,3,False,True
alpharetta,city,Georgia,send flowers to Alpharetta,"Send Flowers, Cakes & Gifts to Alpharetta, GA | Same-Day | BlossomPot","Send Flowers, Cakes & Gifts to Alpharetta, GA",128,3,False,True
marietta,city,Georgia,send flowers to Marietta,"Send Flowers, Cakes & Gifts to Marietta, GA | Same-Day | BlossomPot","Send Flowers, Cakes & Gifts to Marietta, GA",139,3,False,False
smyrna,city,Georgia,send flowers to Smyrna,"Send Flowers, Cakes & Gifts to Smyrna, GA | Same-Day | BlossomPot","Send Flowers, Cakes & Gifts to Smyrna, GA",134,3,False,False
duluth,city,Georgia,send flowers to Duluth,"Send Flowers, Cakes & Gifts to Duluth, GA | Same-Day | BlossomPot","Send Flowers, Cakes & Gifts to Duluth, GA",132,3,False,True
suwanee,city,Georgia,send flowers to Suwanee,"Send Flowers, Cakes & Gifts to Suwanee, GA | Same-Day | BlossomPot","Send Flowers, Cakes & Gifts to Suwanee, GA",125,3,False,False
lawrenceville,city,Georgia,send flowers to Lawrenceville,"Send Flowers, Cakes & Gifts to Lawrenceville, GA | Same-Day | BlossomPot","Send Flowers, Cakes & Gifts to Lawrenceville, GA",129,3,False,False
kennesaw,city,Georgia,send flowers to Kennesaw,"Send Flowers, Cakes & Gifts to Kennesaw, GA | Same-Day | BlossomPot","Send Flowers, Cakes & Gifts to Kennesaw, GA",125,3,False,False
peachtree-city,city,Georgia,send flowers to Peachtree City,"Send Flowers, Cakes & Gifts to Peachtree City, GA | Same-Day | BlossomPot","Send Flowers, Cakes & Gifts to Peachtree City, GA",144,3,False,False
honolulu,city,Hawaii,send flowers to Honolulu,"Send Flowers, Cakes & Gifts to Honolulu, HI | Same-Day | BlossomPot","Send Flowers, Cakes & Gifts to Honolulu, HI",129,3,False,True
hilo,city,Hawaii,send flowers to Hilo,"Send Flowers, Cakes & Gifts to Hilo, HI | Same-Day | BlossomPot","Send Flowers, Cakes & Gifts to Hilo, HI",127,3,False,True
kailua,city,Hawaii,send flowers to Kailua,"Send Flowers, Cakes & Gifts to Kailua, HI | Same-Day | BlossomPot","Send Flowers, Cakes & Gifts to Kailua, HI",120,3,False,True
pearl-city,city,Hawaii,send flowers to Pearl City,"Send Flowers, Cakes & Gifts to Pearl City, HI | Same-Day | BlossomPot","Send Flowers, Cakes & Gifts to Pearl City, HI",134,3,False,True
boise,city,Idaho,send flowers to Boise,"Send Flowers, Cakes & Gifts to Boise, ID | Same-Day | BlossomPot","Send Flowers, Cakes & Gifts to Boise, ID",122,3,False,True
meridian,city,Idaho,send flowers to Meridian,"Send Flowers, Cakes & Gifts to Meridian, ID | Same-Day | BlossomPot","Send Flowers, Cakes & Gifts to Meridian, ID",135,3,False,True
nampa,city,Idaho,send flowers to Nampa,"Send Flowers, Cakes & Gifts to Nampa, ID | Same-Day | BlossomPot","Send Flowers, Cakes & Gifts to Nampa, ID",129,3,False,True
idaho-falls,city,Idaho,send flowers to Idaho Falls,"Send Flowers, Cakes & Gifts to Idaho Falls, ID | Same-Day | BlossomPot","Send Flowers, Cakes & Gifts to Idaho Falls, ID",135,3,False,True
coeur-d-alene,city,Idaho,send flowers to Coeur d'Alene,"Send Flowers, Cakes & Gifts to Coeur d'Alene, ID | Same-Day | BlossomPot","Send Flowers, Cakes & Gifts to Coeur d'Alene, ID",130,3,False,True
chicago,city,Illinois,send flowers to Chicago,"Send Flowers, Cakes & Gifts to Chicago, IL | Same-Day | BlossomPot","Send Flowers, Cakes & Gifts to Chicago, IL",129,3,False,True
aurora-il,city,Illinois,send flowers to Aurora,"Send Flowers, Cakes & Gifts to Aurora, IL | Same-Day | BlossomPot","Send Flowers, Cakes & Gifts to Aurora, IL",125,3,False,False
naperville,city,Illinois,send flowers to Naperville,"Send Flowers, Cakes & Gifts to Naperville, IL | Same-Day | BlossomPot","Send Flowers, Cakes & Gifts to Naperville, IL",138,3,False,True
joliet,city,Illinois,send flowers to Joliet,"Send Flowers, Cakes & Gifts to Joliet, IL | Same-Day | BlossomPot","Send Flowers, Cakes & Gifts to Joliet, IL",135,3,False,True
rockford,city,Illinois,send flowers to Rockford,"Send Flowers, Cakes & Gifts to Rockford, IL | Same-Day | BlossomPot","Send Flowers, Cakes & Gifts to Rockford, IL",130,3,False,True
springfield,city,Illinois,send flowers to Springfield,"Send Flowers, Cakes & Gifts to Springfield, IL | Same-Day | BlossomPot","Send Flowers, Cakes & Gifts to Springfield, IL",120,3,False,True
elgin,city,Illinois,send flowers to Elgin,"Send Flowers, Cakes & Gifts to Elgin, IL | Same-Day | BlossomPot","Send Flowers, Cakes & Gifts to Elgin, IL",128,3,False,True
peoria-il,city,Illinois,send flowers to Peoria,"Send Flowers, Cakes & Gifts to Peoria, IL | Same-Day | BlossomPot","Send Flowers, Cakes & Gifts to Peoria, IL",122,3,False,False
champaign,city,Illinois,send flowers to Champaign,"Send Flowers, Cakes & Gifts to Champaign, IL | Same-Day | BlossomPot","Send Flowers, Cakes & Gifts to Champaign, IL",135,3,False,True
waukegan,city,Illinois,send flowers to Waukegan,"Send Flowers, Cakes & Gifts to Waukegan, IL | Same-Day | BlossomPot","Send Flowers, Cakes & Gifts to Waukegan, IL",137,3,False,True
cicero,city,Illinois,send flowers to Cicero,"Send Flowers, Cakes & Gifts to Cicero, IL | Same-Day | BlossomPot","Send Flowers, Cakes & Gifts to Cicero, IL",133,3,False,True
bloomington,city,Illinois,send flowers to Bloomington,"Send Flowers, Cakes & Gifts to Bloomington, IL | Same-Day | BlossomPot","Send Flowers, Cakes & Gifts to Bloomington, IL",120,3,False,True
schaumburg,city,Illinois,send flowers to Schaumburg,"Send Flowers, Cakes & Gifts to Schaumburg, IL | Same-Day | BlossomPot","Send Flowers, Cakes & Gifts to Schaumburg, IL",130,3,False,False
evanston,city,Illinois,send flowers to Evanston,"Send Flowers, Cakes & Gifts to Evanston, IL | Same-Day | BlossomPot","Send Flowers, Cakes & Gifts to Evanston, IL",128,3,False,False
arlington-heights,city,Illinois,send flowers to Arlington Heights,"Send Flowers, Cakes & Gifts to Arlington Heights, IL | Same-Day | BlossomPot","Send Flowers, Cakes & Gifts to Arlington Heights, IL",148,3,False,False
bolingbrook,city,Illinois,send flowers to Bolingbrook,"Send Flowers, Cakes & Gifts to Bolingbrook, IL | Same-Day | BlossomPot","Send Flowers, Cakes & Gifts to Bolingbrook, IL",134,3,False,False
palatine,city,Illinois,send flowers to Palatine,"Send Flowers, Cakes & Gifts to Palatine, IL | Same-Day | BlossomPot","Send Flowers, Cakes & Gifts to Palatine, IL",137,3,False,False
skokie,city,Illinois,send flowers to Skokie,"Send Flowers, Cakes & Gifts to Skokie, IL | Same-Day | BlossomPot","Send Flowers, Cakes & Gifts to Skokie, IL",127,3,False,False
des-plaines,city,Illinois,send flowers to Des Plaines,"Send Flowers, Cakes & Gifts to Des Plaines, IL | Same-Day | BlossomPot","Send Flowers, Cakes & Gifts to Des Plaines, IL",138,3,False,False
orland-park,city,Illinois,send flowers to Orland Park,"Send Flowers, Cakes & Gifts to Orland Park, IL | Same-Day | BlossomPot","Send Flowers, Cakes & Gifts to Orland Park, IL",134,3,False,False
oak-lawn,city,Illinois,send flowers to Oak Lawn,"Send Flowers, Cakes & Gifts to Oak Lawn, IL | Same-Day | BlossomPot","Send Flowers, Cakes & Gifts to Oak Lawn, IL",146,3,False,False
berwyn,city,Illinois,send flowers to Berwyn,"Send Flowers, Cakes & Gifts to Berwyn, IL | Same-Day | BlossomPot","Send Flowers, Cakes & Gifts to Berwyn, IL",137,3,False,False
downers-grove,city,Illinois,send flowers to Downers Grove,"Send Flowers, Cakes & Gifts to Downers Grove, IL | Same-Day | BlossomPot","Send Flowers, Cakes & Gifts to Downers Grove, IL",135,3,False,False
wheaton,city,Illinois,send flowers to Wheaton,"Send Flowers, Cakes & Gifts to Wheaton, IL | Same-Day | BlossomPot","Send Flowers, Cakes & Gifts to Wheaton, IL",125,3,False,False
hoffman-estates,city,Illinois,send flowers to Hoffman Estates,"Send Flowers, Cakes & Gifts to Hoffman Estates, IL | Same-Day | BlossomPot","Send Flowers, Cakes & Gifts to Hoffman Estates, IL",134,3,False,False
oak-park,city,Illinois,send flowers to Oak Park,"Send Flowers, Cakes & Gifts to Oak Park, IL | Same-Day | BlossomPot","Send Flowers, Cakes & Gifts to Oak Park, IL",131,3,False,False
buffalo-grove,city,Illinois,send flowers to Buffalo Grove,"Send Flowers, Cakes & Gifts to Buffalo Grove, IL | Same-Day | BlossomPot","Send Flowers, Cakes & Gifts to Buffalo Grove, IL",148,3,False,False
bartlett,city,Illinois,send flowers to Bartlett,"Send Flowers, Cakes & Gifts to Bartlett, IL | Same-Day | BlossomPot","Send Flowers, Cakes & Gifts to Bartlett, IL",133,3,False,False
streamwood,city,Illinois,send flowers to Streamwood,"Send Flowers, Cakes & Gifts to Streamwood, IL | Same-Day | BlossomPot","Send Flowers, Cakes & Gifts to Streamwood, IL",132,3,False,False
indianapolis,city,Indiana,send flowers to Indianapolis,"Send Flowers, Cakes & Gifts to Indianapolis, IN | Same-Day | BlossomPot","Send Flowers, Cakes & Gifts to Indianapolis, IN",122,3,False,True
fort-wayne,city,Indiana,send flowers to Fort Wayne,"Send Flowers, Cakes & Gifts to Fort Wayne, IN | Same-Day | BlossomPot","Send Flowers, Cakes & Gifts to Fort Wayne, IN",134,3,False,True
evansville,city,Indiana,send flowers to Evansville,"Send Flowers, Cakes & Gifts to Evansville, IN | Same-Day | BlossomPot","Send Flowers, Cakes & Gifts to Evansville, IN",122,3,False,True
south-bend,city,Indiana,send flowers to South Bend,"Send Flowers, Cakes & Gifts to South Bend, IN | Same-Day | BlossomPot","Send Flowers, Cakes & Gifts to South Bend, IN",143,3,False,True
carmel,city,Indiana,send flowers to Carmel,"Send Flowers, Cakes & Gifts to Carmel, IN | Same-Day | BlossomPot","Send Flowers, Cakes & Gifts to Carmel, IN",131,3,False,True
fishers,city,Indiana,send flowers to Fishers,"Send Flowers, Cakes & Gifts to Fishers, IN | Same-Day | BlossomPot","Send Flowers, Cakes & Gifts to Fishers, IN",129,3,False,True
bloomington-in,city,Indiana,send flowers to Bloomington,"Send Flowers, Cakes & Gifts to Bloomington, IN | Same-Day | BlossomPot","Send Flowers, Cakes & Gifts to Bloomington, IN",120,3,False,False
hammond,city,Indiana,send flowers to Hammond,"Send Flowers, Cakes & Gifts to Hammond, IN | Same-Day | BlossomPot","Send Flowers, Cakes & Gifts to Hammond, IN",131,3,False,True
gary,city,Indiana,send flowers to Gary,"Send Flowers, Cakes & Gifts to Gary, IN | Same-Day | BlossomPot","Send Flowers, Cakes & Gifts to Gary, IN",128,3,False,True
lafayette,city,Indiana,send flowers to Lafayette,"Send Flowers, Cakes & Gifts to Lafayette, IN | Same-Day | BlossomPot","Send Flowers, Cakes & Gifts to Lafayette, IN",137,3,False,True
noblesville,city,Indiana,send flowers to Noblesville,"Send Flowers, Cakes & Gifts to Noblesville, IN | Same-Day | BlossomPot","Send Flowers, Cakes & Gifts to Noblesville, IN",131,3,False,True
greenwood,city,Indiana,send flowers to Greenwood,"Send Flowers, Cakes & Gifts to Greenwood, IN | Same-Day | BlossomPot","Send Flowers, Cakes & Gifts to Greenwood, IN",129,3,False,True
westfield,city,Indiana,send flowers to Westfield,"Send Flowers, Cakes & Gifts to Westfield, IN | Same-Day | BlossomPot","Send Flowers, Cakes & Gifts to Westfield, IN",122,3,False,False
des-moines,city,Iowa,send flowers to Des Moines,"Send Flowers, Cakes & Gifts to Des Moines, IA | Same-Day | BlossomPot","Send Flowers, Cakes & Gifts to Des Moines, IA",137,3,False,True
cedar-rapids,city,Iowa,send flowers to Cedar Rapids,"Send Flowers, Cakes & Gifts to Cedar Rapids, IA | Same-Day | BlossomPot","Send Flowers, Cakes & Gifts to Cedar Rapids, IA",131,3,False,True
davenport,city,Iowa,send flowers to Davenport,"Send Flowers, Cakes & Gifts to Davenport, IA | Same-Day | BlossomPot","Send Flowers, Cakes & Gifts to Davenport, IA",135,3,False,True
sioux-city,city,Iowa,send flowers to Sioux City,"Send Flowers, Cakes & Gifts to Sioux City, IA | Same-Day | BlossomPot","Send Flowers, Cakes & Gifts to Sioux City, IA",139,3,False,True
iowa-city,city,Iowa,send flowers to Iowa City,"Send Flowers, Cakes & Gifts to Iowa City, IA | Same-Day | BlossomPot","Send Flowers, Cakes & Gifts to Iowa City, IA",135,3,False,True
west-des-moines,city,Iowa,send flowers to West Des Moines,"Send Flowers, Cakes & Gifts to West Des Moines, IA | Same-Day | BlossomPot","Send Flowers, Cakes & Gifts to West Des Moines, IA",137,3,False,True
ankeny,city,Iowa,send flowers to Ankeny,"Send Flowers, Cakes & Gifts to Ankeny, IA | Same-Day | BlossomPot","Send Flowers, Cakes & Gifts to Ankeny, IA",133,3,False,True
ames,city,Iowa,send flowers to Ames,"Send Flowers, Cakes & Gifts to Ames, IA | Same-Day | BlossomPot","Send Flowers, Cakes & Gifts to Ames, IA",129,3,False,True
wichita,city,Kansas,send flowers to Wichita,"Send Flowers, Cakes & Gifts to Wichita, KS | Same-Day | BlossomPot","Send Flowers, Cakes & Gifts to Wichita, KS",135,3,False,True
overland-park,city,Kansas,send flowers to Overland Park,"Send Flowers, Cakes & Gifts to Overland Park, KS | Same-Day | BlossomPot","Send Flowers, Cakes & Gifts to Overland Park, KS",121,3,False,True
kansas-city,city,Kansas,send flowers to Kansas City,"Send Flowers, Cakes & Gifts to Kansas City, KS | Same-Day | BlossomPot","Send Flowers, Cakes & Gifts to Kansas City, KS",137,3,False,True
olathe,city,Kansas,send flowers to Olathe,"Send Flowers, Cakes & Gifts to Olathe, KS | Same-Day | BlossomPot","Send Flowers, Cakes & Gifts to Olathe, KS",126,3,False,True
topeka,city,Kansas,send flowers to Topeka,"Send Flowers, Cakes & Gifts to Topeka, KS | Same-Day | BlossomPot","Send Flowers, Cakes & Gifts to Topeka, KS",127,3,False,True
lawrence,city,Kansas,send flowers to Lawrence,"Send Flowers, Cakes & Gifts to Lawrence, KS | Same-Day | BlossomPot","Send Flowers, Cakes & Gifts to Lawrence, KS",125,3,False,True
shawnee,city,Kansas,send flowers to Shawnee,"Send Flowers, Cakes & Gifts to Shawnee, KS | Same-Day | BlossomPot","Send Flowers, Cakes & Gifts to Shawnee, KS",142,3,False,True
lenexa,city,Kansas,send flowers to Lenexa,"Send Flowers, Cakes & Gifts to Lenexa, KS | Same-Day | BlossomPot","Send Flowers, Cakes & Gifts to Lenexa, KS",136,3,False,True
louisville,city,Kentucky,send flowers to Louisville,"Send Flowers, Cakes & Gifts to Louisville, KY | Same-Day | BlossomPot","Send Flowers, Cakes & Gifts to Louisville, KY",127,3,False,True
lexington,city,Kentucky,send flowers to Lexington,"Send Flowers, Cakes & Gifts to Lexington, KY | Same-Day | BlossomPot","Send Flowers, Cakes & Gifts to Lexington, KY",120,3,False,True
bowling-green,city,Kentucky,send flowers to Bowling Green,"Send Flowers, Cakes & Gifts to Bowling Green, KY | Same-Day | BlossomPot","Send Flowers, Cakes & Gifts to Bowling Green, KY",134,3,False,True
owensboro,city,Kentucky,send flowers to Owensboro,"Send Flowers, Cakes & Gifts to Owensboro, KY | Same-Day | BlossomPot","Send Flowers, Cakes & Gifts to Owensboro, KY",122,3,False,True
covington,city,Kentucky,send flowers to Covington,"Send Flowers, Cakes & Gifts to Covington, KY | Same-Day | BlossomPot","Send Flowers, Cakes & Gifts to Covington, KY",137,3,False,True
florence,city,Kentucky,send flowers to Florence,"Send Flowers, Cakes & Gifts to Florence, KY | Same-Day | BlossomPot","Send Flowers, Cakes & Gifts to Florence, KY",131,3,False,True
new-orleans,city,Louisiana,send flowers to New Orleans,"Send Flowers, Cakes & Gifts to New Orleans, LA | Same-Day | BlossomPot","Send Flowers, Cakes & Gifts to New Orleans, LA",135,3,False,True
baton-rouge,city,Louisiana,send flowers to Baton Rouge,"Send Flowers, Cakes & Gifts to Baton Rouge, LA | Same-Day | BlossomPot","Send Flowers, Cakes & Gifts to Baton Rouge, LA",130,3,False,True
shreveport,city,Louisiana,send flowers to Shreveport,"Send Flowers, Cakes & Gifts to Shreveport, LA | Same-Day | BlossomPot","Send Flowers, Cakes & Gifts to Shreveport, LA",124,3,False,True
lafayette-la,city,Louisiana,send flowers to Lafayette,"Send Flowers, Cakes & Gifts to Lafayette, LA | Same-Day | BlossomPot","Send Flowers, Cakes & Gifts to Lafayette, LA",122,3,False,False
lake-charles,city,Louisiana,send flowers to Lake Charles,"Send Flowers, Cakes & Gifts to Lake Charles, LA | Same-Day | BlossomPot","Send Flowers, Cakes & Gifts to Lake Charles, LA",143,3,False,True
metairie,city,Louisiana,send flowers to Metairie,"Send Flowers, Cakes & Gifts to Metairie, LA | Same-Day | BlossomPot","Send Flowers, Cakes & Gifts to Metairie, LA",129,3,False,True
portland,city,Maine,send flowers to Portland,"Send Flowers, Cakes & Gifts to Portland, ME | Same-Day | BlossomPot","Send Flowers, Cakes & Gifts to Portland, ME",127,3,False,True
lewiston,city,Maine,send flowers to Lewiston,"Send Flowers, Cakes & Gifts to Lewiston, ME | Same-Day | BlossomPot","Send Flowers, Cakes & Gifts to Lewiston, ME",120,3,False,True
bangor,city,Maine,send flowers to Bangor,"Send Flowers, Cakes & Gifts to Bangor, ME | Same-Day | BlossomPot","Send Flowers, Cakes & Gifts to Bangor, ME",124,3,False,True
south-portland,city,Maine,send flowers to South Portland,"Send Flowers, Cakes & Gifts to South Portland, ME | Same-Day | BlossomPot","Send Flowers, Cakes & Gifts to South Portland, ME",131,3,False,True
baltimore,city,Maryland,send flowers to Baltimore,"Send Flowers, Cakes & Gifts to Baltimore, MD | Same-Day | BlossomPot","Send Flowers, Cakes & Gifts to Baltimore, MD",139,3,False,True
columbia,city,Maryland,send flowers to Columbia,"Send Flowers, Cakes & Gifts to Columbia, MD | Same-Day | BlossomPot","Send Flowers, Cakes & Gifts to Columbia, MD",136,3,False,True
germantown,city,Maryland,send flowers to Germantown,"Send Flowers, Cakes & Gifts to Germantown, MD | Same-Day | BlossomPot","Send Flowers, Cakes & Gifts to Germantown, MD",129,3,False,True
silver-spring,city,Maryland,send flowers to Silver Spring,"Send Flowers, Cakes & Gifts to Silver Spring, MD | Same-Day | BlossomPot","Send Flowers, Cakes & Gifts to Silver Spring, MD",129,3,False,True
waldorf,city,Maryland,send flowers to Waldorf,"Send Flowers, Cakes & Gifts to Waldorf, MD | Same-Day | BlossomPot","Send Flowers, Cakes & Gifts to Waldorf, MD",126,3,False,True
frederick,city,Maryland,send flowers to Frederick,"Send Flowers, Cakes & Gifts to Frederick, MD | Same-Day | BlossomPot","Send Flowers, Cakes & Gifts to Frederick, MD",124,3,False,True
rockville,city,Maryland,send flowers to Rockville,"Send Flowers, Cakes & Gifts to Rockville, MD | Same-Day | BlossomPot","Send Flowers, Cakes & Gifts to Rockville, MD",138,3,False,True
gaithersburg,city,Maryland,send flowers to Gaithersburg,"Send Flowers, Cakes & Gifts to Gaithersburg, MD | Same-Day | BlossomPot","Send Flowers, Cakes & Gifts to Gaithersburg, MD",132,3,False,True
bethesda,city,Maryland,send flowers to Bethesda,"Send Flowers, Cakes & Gifts to Bethesda, MD | Same-Day | BlossomPot","Send Flowers, Cakes & Gifts to Bethesda, MD",132,3,False,True
annapolis,city,Maryland,send flowers to Annapolis,"Send Flowers, Cakes & Gifts to Annapolis, MD | Same-Day | BlossomPot","Send Flowers, Cakes & Gifts to Annapolis, MD",125,3,False,True
bowie,city,Maryland,send flowers to Bowie,"Send Flowers, Cakes & Gifts to Bowie, MD | Same-Day | BlossomPot","Send Flowers, Cakes & Gifts to Bowie, MD",128,3,False,True
towson,city,Maryland,send flowers to Towson,"Send Flowers, Cakes & Gifts to Towson, MD | Same-Day | BlossomPot","Send Flowers, Cakes & Gifts to Towson, MD",127,3,False,True
ellicott-city,city,Maryland,send flowers to Ellicott City,"Send Flowers, Cakes & Gifts to Ellicott City, MD | Same-Day | BlossomPot","Send Flowers, Cakes & Gifts to Ellicott City, MD",144,3,False,False
boston,city,Massachusetts,send flowers to Boston,"Send Flowers, Cakes & Gifts to Boston, MA | Same-Day | BlossomPot","Send Flowers, Cakes & Gifts to Boston, MA",131,3,False,True
worcester,city,Massachusetts,send flowers to Worcester,"Send Flowers, Cakes & Gifts to Worcester, MA | Same-Day | BlossomPot","Send Flowers, Cakes & Gifts to Worcester, MA",129,3,False,True
springfield-ma,city,Massachusetts,send flowers to Springfield,"Send Flowers, Cakes & Gifts to Springfield, MA | Same-Day | BlossomPot","Send Flowers, Cakes & Gifts to Springfield, MA",126,3,False,False
cambridge,city,Massachusetts,send flowers to Cambridge,"Send Flowers, Cakes & Gifts to Cambridge, MA | Same-Day | BlossomPot","Send Flowers, Cakes & Gifts to Cambridge, MA",126,3,False,True
lowell,city,Massachusetts,send flowers to Lowell,"Send Flowers, Cakes & Gifts to Lowell, MA | Same-Day | BlossomPot","Send Flowers, Cakes & Gifts to Lowell, MA",124,3,False,True
brockton,city,Massachusetts,send flowers to Brockton,"Send Flowers, Cakes & Gifts to Brockton, MA | Same-Day | BlossomPot","Send Flowers, Cakes & Gifts to Brockton, MA",137,3,False,True
quincy,city,Massachusetts,send flowers to Quincy,"Send Flowers, Cakes & Gifts to Quincy, MA | Same-Day | BlossomPot","Send Flowers, Cakes & Gifts to Quincy, MA",131,3,False,True
lynn,city,Massachusetts,send flowers to Lynn,"Send Flowers, Cakes & Gifts to Lynn, MA | Same-Day | BlossomPot","Send Flowers, Cakes & Gifts to Lynn, MA",129,3,False,True
new-bedford,city,Massachusetts,send flowers to New Bedford,"Send Flowers, Cakes & Gifts to New Bedford, MA | Same-Day | BlossomPot","Send Flowers, Cakes & Gifts to New Bedford, MA",129,3,False,True
newton,city,Massachusetts,send flowers to Newton,"Send Flowers, Cakes & Gifts to Newton, MA | Same-Day | BlossomPot","Send Flowers, Cakes & Gifts to Newton, MA",126,3,False,True
somerville,city,Massachusetts,send flowers to Somerville,"Send Flowers, Cakes & Gifts to Somerville, MA | Same-Day | BlossomPot","Send Flowers, Cakes & Gifts to Somerville, MA",124,3,False,True
framingham,city,Massachusetts,send flowers to Framingham,"Send Flowers, Cakes & Gifts to Framingham, MA | Same-Day | BlossomPot","Send Flowers, Cakes & Gifts to Framingham, MA",137,3,False,True
waltham,city,Massachusetts,send flowers to Waltham,"Send Flowers, Cakes & Gifts to Waltham, MA | Same-Day | BlossomPot","Send Flowers, Cakes & Gifts to Waltham, MA",131,3,False,False
medford,city,Massachusetts,send flowers to Medford,"Send Flowers, Cakes & Gifts to Medford, MA | Same-Day | BlossomPot","Send Flowers, Cakes & Gifts to Medford, MA",129,3,False,False
brookline,city,Massachusetts,send flowers to Brookline,"Send Flowers, Cakes & Gifts to Brookline, MA | Same-Day | BlossomPot","Send Flowers, Cakes & Gifts to Brookline, MA",122,3,False,False
andover,city,Massachusetts,send flowers to Andover,"Send Flowers, Cakes & Gifts to Andover, MA | Same-Day | BlossomPot","Send Flowers, Cakes & Gifts to Andover, MA",126,3,False,False
burlington,city,Massachusetts,send flowers to Burlington,"Send Flowers, Cakes & Gifts to Burlington, MA | Same-Day | BlossomPot","Send Flowers, Cakes & Gifts to Burlington, MA",124,3,False,False
lexington-ma,city,Massachusetts,send flowers to Lexington,"Send Flowers, Cakes & Gifts to Lexington, MA | Same-Day | BlossomPot","Send Flowers, Cakes & Gifts to Lexington, MA",137,3,False,False
natick,city,Massachusetts,send flowers to Natick,"Send Flowers, Cakes & Gifts to Natick, MA | Same-Day | BlossomPot","Send Flowers, Cakes & Gifts to Natick, MA",131,3,False,False
needham,city,Massachusetts,send flowers to Needham,"Send Flowers, Cakes & Gifts to Needham, MA | Same-Day | BlossomPot","Send Flowers, Cakes & Gifts to Needham, MA",129,3,False,False
detroit,city,Michigan,send flowers to Detroit,"Send Flowers, Cakes & Gifts to Detroit, MI | Same-Day | BlossomPot","Send Flowers, Cakes & Gifts to Detroit, MI",126,3,False,True
grand-rapids,city,Michigan,send flowers to Grand Rapids,"Send Flowers, Cakes & Gifts to Grand Rapids, MI | Same-Day | BlossomPot","Send Flowers, Cakes & Gifts to Grand Rapids, MI",134,3,False,True
warren,city,Michigan,send flowers to Warren,"Send Flowers, Cakes & Gifts to Warren, MI | Same-Day | BlossomPot","Send Flowers, Cakes & Gifts to Warren, MI",131,3,False,True
sterling-heights,city,Michigan,send flowers to Sterling Heights,"Send Flowers, Cakes & Gifts to Sterling Heights, MI | Same-Day | BlossomPot","Send Flowers, Cakes & Gifts to Sterling Heights, MI",146,3,False,True
ann-arbor,city,Michigan,send flowers to Ann Arbor,"Send Flowers, Cakes & Gifts to Ann Arbor, MI | Same-Day | BlossomPot","Send Flowers, Cakes & Gifts to Ann Arbor, MI",139,3,False,True
lansing,city,Michigan,send flowers to Lansing,"Send Flowers, Cakes & Gifts to Lansing, MI | Same-Day | BlossomPot","Send Flowers, Cakes & Gifts to Lansing, MI",134,3,False,True
dearborn,city,Michigan,send flowers to Dearborn,"Send Flowers, Cakes & Gifts to Dearborn, MI | Same-Day | BlossomPot","Send Flowers, Cakes & Gifts to Dearborn, MI",125,3,False,True
livonia,city,Michigan,send flowers to Livonia,"Send Flowers, Cakes & Gifts to Livonia, MI | Same-Day | BlossomPot","Send Flowers, Cakes & Gifts to Livonia, MI",130,3,False,True
troy,city,Michigan,send flowers to Troy,"Send Flowers, Cakes & Gifts to Troy, MI | Same-Day | BlossomPot","Send Flowers, Cakes & Gifts to Troy, MI",133,3,False,True
farmington-hills,city,Michigan,send flowers to Farmington Hills,"Send Flowers, Cakes & Gifts to Farmington Hills, MI | Same-Day | BlossomPot","Send Flowers, Cakes & Gifts to Farmington Hills, MI",145,3,False,True
novi,city,Michigan,send flowers to Novi,"Send Flowers, Cakes & Gifts to Novi, MI | Same-Day | BlossomPot","Send Flowers, Cakes & Gifts to Novi, MI",136,3,False,True
rochester-hills,city,Michigan,send flowers to Rochester Hills,"Send Flowers, Cakes & Gifts to Rochester Hills, MI | Same-Day | BlossomPot","Send Flowers, Cakes & Gifts to Rochester Hills, MI",140,3,False,True
canton,city,Michigan,send flowers to Canton,"Send Flowers, Cakes & Gifts to Canton, MI | Same-Day | BlossomPot","Send Flowers, Cakes & Gifts to Canton, MI",125,3,False,False
royal-oak,city,Michigan,send flowers to Royal Oak,"Send Flowers, Cakes & Gifts to Royal Oak, MI | Same-Day | BlossomPot","Send Flowers, Cakes & Gifts to Royal Oak, MI",137,3,False,False
kalamazoo,city,Michigan,send flowers to Kalamazoo,"Send Flowers, Cakes & Gifts to Kalamazoo, MI | Same-Day | BlossomPot","Send Flowers, Cakes & Gifts to Kalamazoo, MI",128,3,False,False
minneapolis,city,Minnesota,send flowers to Minneapolis,"Send Flowers, Cakes & Gifts to Minneapolis, MN | Same-Day | BlossomPot","Send Flowers, Cakes & Gifts to Minneapolis, MN",142,3,False,True
saint-paul,city,Minnesota,send flowers to Saint Paul,"Send Flowers, Cakes & Gifts to Saint Paul, MN | Same-Day | BlossomPot","Send Flowers, Cakes & Gifts to Saint Paul, MN",138,3,False,True
rochester,city,Minnesota,send flowers to Rochester,"Send Flowers, Cakes & Gifts to Rochester, MN | Same-Day | BlossomPot","Send Flowers, Cakes & Gifts to Rochester, MN",127,3,False,True
bloomington-mn,city,Minnesota,send flowers to Bloomington,"Send Flowers, Cakes & Gifts to Bloomington, MN | Same-Day | BlossomPot","Send Flowers, Cakes & Gifts to Bloomington, MN",126,3,False,False
duluth-mn,city,Minnesota,send flowers to Duluth,"Send Flowers, Cakes & Gifts to Duluth, MN | Same-Day | BlossomPot","Send Flowers, Cakes & Gifts to Duluth, MN",124,3,False,False
brooklyn-park,city,Minnesota,send flowers to Brooklyn Park,"Send Flowers, Cakes & Gifts to Brooklyn Park, MN | Same-Day | BlossomPot","Send Flowers, Cakes & Gifts to Brooklyn Park, MN",133,3,False,True
plymouth,city,Minnesota,send flowers to Plymouth,"Send Flowers, Cakes & Gifts to Plymouth, MN | Same-Day | BlossomPot","Send Flowers, Cakes & Gifts to Plymouth, MN",141,3,False,True
eagan,city,Minnesota,send flowers to Eagan,"Send Flowers, Cakes & Gifts to Eagan, MN | Same-Day | BlossomPot","Send Flowers, Cakes & Gifts to Eagan, MN",135,3,False,True
woodbury,city,Minnesota,send flowers to Woodbury,"Send Flowers, Cakes & Gifts to Woodbury, MN | Same-Day | BlossomPot","Send Flowers, Cakes & Gifts to Woodbury, MN",132,3,False,True
maple-grove,city,Minnesota,send flowers to Maple Grove,"Send Flowers, Cakes & Gifts to Maple Grove, MN | Same-Day | BlossomPot","Send Flowers, Cakes & Gifts to Maple Grove, MN",132,3,False,True
eden-prairie,city,Minnesota,send flowers to Eden Prairie,"Send Flowers, Cakes & Gifts to Eden Prairie, MN | Same-Day | BlossomPot","Send Flowers, Cakes & Gifts to Eden Prairie, MN",133,3,False,True
edina,city,Minnesota,send flowers to Edina,"Send Flowers, Cakes & Gifts to Edina, MN | Same-Day | BlossomPot","Send Flowers, Cakes & Gifts to Edina, MN",127,3,False,True
minnetonka,city,Minnesota,send flowers to Minnetonka,"Send Flowers, Cakes & Gifts to Minnetonka, MN | Same-Day | BlossomPot","Send Flowers, Cakes & Gifts to Minnetonka, MN",140,3,False,False
jackson,city,Mississippi,send flowers to Jackson,"Send Flowers, Cakes & Gifts to Jackson, MS | Same-Day | BlossomPot","Send Flowers, Cakes & Gifts to Jackson, MS",129,3,False,True
gulfport,city,Mississippi,send flowers to Gulfport,"Send Flowers, Cakes & Gifts to Gulfport, MS | Same-Day | BlossomPot","Send Flowers, Cakes & Gifts to Gulfport, MS",127,3,False,True
southaven,city,Mississippi,send flowers to Southaven,"Send Flowers, Cakes & Gifts to Southaven, MS | Same-Day | BlossomPot","Send Flowers, Cakes & Gifts to Southaven, MS",120,3,False,True
hattiesburg,city,Mississippi,send flowers to Hattiesburg,"Send Flowers, Cakes & Gifts to Hattiesburg, MS | Same-Day | BlossomPot","Send Flowers, Cakes & Gifts to Hattiesburg, MS",124,3,False,True
biloxi,city,Mississippi,send flowers to Biloxi,"Send Flowers, Cakes & Gifts to Biloxi, MS | Same-Day | BlossomPot","Send Flowers, Cakes & Gifts to Biloxi, MS",122,3,False,False
kansas-city-mo,city,Missouri,send flowers to Kansas City,"Send Flowers, Cakes & Gifts to Kansas City, MO | Same-Day | BlossomPot","Send Flowers, Cakes & Gifts to Kansas City, MO",146,3,False,False
st-louis,city,Missouri,send flowers to St. Louis,"Send Flowers, Cakes & Gifts to St. Louis, MO | Same-Day | BlossomPot","Send Flowers, Cakes & Gifts to St. Louis, MO",121,3,False,False
springfield-mo,city,Missouri,send flowers to Springfield,"Send Flowers, Cakes & Gifts to Springfield, MO | Same-Day | BlossomPot","Send Flowers, Cakes & Gifts to Springfield, MO",127,3,False,False
columbia-mo,city,Missouri,send flowers to Columbia,"Send Flowers, Cakes & Gifts to Columbia, MO | Same-Day | BlossomPot","Send Flowers, Cakes & Gifts to Columbia, MO",120,3,False,False
independence,city,Missouri,send flowers to Independence,"Send Flowers, Cakes & Gifts to Independence, MO | Same-Day | BlossomPot","Send Flowers, Cakes & Gifts to Independence, MO",135,3,False,False
lee-s-summit,city,Missouri,send flowers to Lee's Summit,"Send Flowers, Cakes & Gifts to Lee's Summit, MO | Same-Day | BlossomPot","Send Flowers, Cakes & Gifts to Lee's Summit, MO",135,3,False,False
o-fallon,city,Missouri,send flowers to O'Fallon,"Send Flowers, Cakes & Gifts to O'Fallon, MO | Same-Day | BlossomPot","Send Flowers, Cakes & Gifts to O'Fallon, MO",141,3,False,False
st-charles,city,Missouri,send flowers to St. Charles,"Send Flowers, Cakes & Gifts to St. Charles, MO | Same-Day | BlossomPot","Send Flowers, Cakes & Gifts to St. Charles, MO",120,3,False,False
st-peters,city,Missouri,send flowers to St. Peters,"Send Flowers, Cakes & Gifts to St. Peters, MO | Same-Day | BlossomPot","Send Flowers, Cakes & Gifts to St. Peters, MO",137,3,False,False
chesterfield,city,Missouri,send flowers to Chesterfield,"Send Flowers, Cakes & Gifts to Chesterfield, MO | Same-Day | BlossomPot","Send Flowers, Cakes & Gifts to Chesterfield, MO",128,3,False,False
billings,city,Montana,send flowers to Billings,"Send Flowers, Cakes & Gifts to Billings, MT | Same-Day | BlossomPot","Send Flowers, Cakes & Gifts to Billings, MT",124,3,False,False
missoula,city,Montana,send flowers to Missoula,"Send Flowers, Cakes & Gifts to Missoula, MT | Same-Day | BlossomPot","Send Flowers, Cakes & Gifts to Missoula, MT",122,3,False,False
great-falls,city,Montana,send flowers to Great Falls,"Send Flowers, Cakes & Gifts to Great Falls, MT | Same-Day | BlossomPot","Send Flowers, Cakes & Gifts to Great Falls, MT",143,3,False,False
bozeman,city,Montana,send flowers to Bozeman,"Send Flowers, Cakes & Gifts to Bozeman, MT | Same-Day | BlossomPot","Send Flowers, Cakes & Gifts to Bozeman, MT",129,3,False,False
omaha,city,Nebraska,send flowers to Omaha,"Send Flowers, Cakes & Gifts to Omaha, NE | Same-Day | BlossomPot","Send Flowers, Cakes & Gifts to Omaha, NE",127,3,False,False
lincoln,city,Nebraska,send flowers to Lincoln,"Send Flowers, Cakes & Gifts to Lincoln, NE | Same-Day | BlossomPot","Send Flowers, Cakes & Gifts to Lincoln, NE",120,3,False,False
bellevue,city,Nebraska,send flowers to Bellevue,"Send Flowers, Cakes & Gifts to Bellevue, NE | Same-Day | BlossomPot","Send Flowers, Cakes & Gifts to Bellevue, NE",124,3,False,False
papillion,city,Nebraska,send flowers to Papillion,"Send Flowers, Cakes & Gifts to Papillion, NE | Same-Day | BlossomPot","Send Flowers, Cakes & Gifts to Papillion, NE",122,3,False,False
las-vegas,city,Nevada,send flowers to Las Vegas,"Send Flowers, Cakes & Gifts to Las Vegas, NV | Same-Day | BlossomPot","Send Flowers, Cakes & Gifts to Las Vegas, NV",145,3,False,False
henderson,city,Nevada,send flowers to Henderson,"Send Flowers, Cakes & Gifts to Henderson, NV | Same-Day | BlossomPot","Send Flowers, Cakes & Gifts to Henderson, NV",138,3,False,False
north-las-vegas,city,Nevada,send flowers to North Las Vegas,"Send Flowers, Cakes & Gifts to North Las Vegas, NV | Same-Day | BlossomPot","Send Flowers, Cakes & Gifts to North Las Vegas, NV",140,3,False,False
reno,city,Nevada,send flowers to Reno,"Send Flowers, Cakes & Gifts to Reno, NV | Same-Day | BlossomPot","Send Flowers, Cakes & Gifts to Reno, NV",120,3,False,False
sparks,city,Nevada,send flowers to Sparks,"Send Flowers, Cakes & Gifts to Sparks, NV | Same-Day | BlossomPot","Send Flowers, Cakes & Gifts to Sparks, NV",124,3,False,False
summerlin,city,Nevada,send flowers to Summerlin,"Send Flowers, Cakes & Gifts to Summerlin, NV | Same-Day | BlossomPot","Send Flowers, Cakes & Gifts to Summerlin, NV",131,3,False,False
manchester,city,New Hampshire,send flowers to Manchester,"Send Flowers, Cakes & Gifts to Manchester, NH | Same-Day | BlossomPot","Send Flowers, Cakes & Gifts to Manchester, NH",139,3,False,False
nashua,city,New Hampshire,send flowers to Nashua,"Send Flowers, Cakes & Gifts to Nashua, NH | Same-Day | BlossomPot","Send Flowers, Cakes & Gifts to Nashua, NH",132,3,False,False
concord-nh,city,New Hampshire,send flowers to Concord,"Send Flowers, Cakes & Gifts to Concord, NH | Same-Day | BlossomPot","Send Flowers, Cakes & Gifts to Concord, NH",130,3,False,False
newark-nj,city,New Jersey,send flowers to Newark,"Send Flowers, Cakes & Gifts to Newark, NJ | Same-Day | BlossomPot","Send Flowers, Cakes & Gifts to Newark, NJ",127,3,False,False
jersey-city,city,New Jersey,send flowers to Jersey City,"Send Flowers, Cakes & Gifts to Jersey City, NJ | Same-Day | BlossomPot","Send Flowers, Cakes & Gifts to Jersey City, NJ",141,3,False,False
paterson,city,New Jersey,send flowers to Paterson,"Send Flowers, Cakes & Gifts to Paterson, NJ | Same-Day | BlossomPot","Send Flowers, Cakes & Gifts to Paterson, NJ",128,3,False,False
elizabeth,city,New Jersey,send flowers to Elizabeth,"Send Flowers, Cakes & Gifts to Elizabeth, NJ | Same-Day | BlossomPot","Send Flowers, Cakes & Gifts to Elizabeth, NJ",143,3,False,False
edison,city,New Jersey,send flowers to Edison,"Send Flowers, Cakes & Gifts to Edison, NJ | Same-Day | BlossomPot","Send Flowers, Cakes & Gifts to Edison, NJ",135,3,False,False
woodbridge,city,New Jersey,send flowers to Woodbridge,"Send Flowers, Cakes & Gifts to Woodbridge, NJ | Same-Day | BlossomPot","Send Flowers, Cakes & Gifts to Woodbridge, NJ",131,3,False,False
lakewood-nj,city,New Jersey,send flowers to Lakewood,"Send Flowers, Cakes & Gifts to Lakewood, NJ | Same-Day | BlossomPot","Send Flowers, Cakes & Gifts to Lakewood, NJ",128,3,False,False
toms-river,city,New Jersey,send flowers to Toms River,"Send Flowers, Cakes & Gifts to Toms River, NJ | Same-Day | BlossomPot","Send Flowers, Cakes & Gifts to Toms River, NJ",137,3,False,False
hamilton,city,New Jersey,send flowers to Hamilton,"Send Flowers, Cakes & Gifts to Hamilton, NJ | Same-Day | BlossomPot","Send Flowers, Cakes & Gifts to Hamilton, NJ",126,3,False,False
trenton,city,New Jersey,send flowers to Trenton,"Send Flowers, Cakes & Gifts to Trenton, NJ | Same-Day | BlossomPot","Send Flowers, Cakes & Gifts to Trenton, NJ",139,3,False,False
clifton,city,New Jersey,send flowers to Clifton,"Send Flowers, Cakes & Gifts to Clifton, NJ | Same-Day | BlossomPot","Send Flowers, Cakes & Gifts to Clifton, NJ",134,3,False,False
passaic,city,New Jersey,send flowers to Passaic,"Send Flowers, Cakes & Gifts to Passaic, NJ | Same-Day | BlossomPot","Send Flowers, Cakes & Gifts to Passaic, NJ",132,3,False,False
union-city-nj,city,New Jersey,send flowers to Union City,"Send Flowers, Cakes & Gifts to Union City, NJ | Same-Day | BlossomPot","Send Flowers, Cakes & Gifts to Union City, NJ",134,3,False,False
bayonne,city,New Jersey,send flowers to Bayonne,"Send Flowers, Cakes & Gifts to Bayonne, NJ | Same-Day | BlossomPot","Send Flowers, Cakes & Gifts to Bayonne, NJ",133,3,False,False
east-orange,city,New Jersey,send flowers to East Orange,"Send Flowers, Cakes & Gifts to East Orange, NJ | Same-Day | BlossomPot","Send Flowers, Cakes & Gifts to East Orange, NJ",132,3,False,False
princeton,city,New Jersey,send flowers to Princeton,"Send Flowers, Cakes & Gifts to Princeton, NJ | Same-Day | BlossomPot","Send Flowers, Cakes & Gifts to Princeton, NJ",140,3,False,False
plainsboro,city,New Jersey,send flowers to Plainsboro,"Send Flowers, Cakes & Gifts to Plainsboro, NJ | Same-Day | BlossomPot","Send Flowers, Cakes & Gifts to Plainsboro, NJ",133,3,False,False
piscataway,city,New Jersey,send flowers to Piscataway,"Send Flowers, Cakes & Gifts to Piscataway, NJ | Same-Day | BlossomPot","Send Flowers, Cakes & Gifts to Piscataway, NJ",132,3,False,False
new-brunswick,city,New Jersey,send flowers to New Brunswick,"Send Flowers, Cakes & Gifts to New Brunswick, NJ | Same-Day | BlossomPot","Send Flowers, Cakes & Gifts to New Brunswick, NJ",130,3,False,False
hoboken,city,New Jersey,send flowers to Hoboken,"Send Flowers, Cakes & Gifts to Hoboken, NJ | Same-Day | BlossomPot","Send Flowers, Cakes & Gifts to Hoboken, NJ",137,3,False,False
parsippany,city,New Jersey,send flowers to Parsippany,"Send Flowers, Cakes & Gifts to Parsippany, NJ | Same-Day | BlossomPot","Send Flowers, Cakes & Gifts to Parsippany, NJ",129,3,False,False
cherry-hill,city,New Jersey,send flowers to Cherry Hill,"Send Flowers, Cakes & Gifts to Cherry Hill, NJ | Same-Day | BlossomPot","Send Flowers, Cakes & Gifts to Cherry Hill, NJ",147,3,False,False
fort-lee,city,New Jersey,send flowers to Fort Lee,"Send Flowers, Cakes & Gifts to Fort Lee, NJ | Same-Day | BlossomPot","Send Flowers, Cakes & Gifts to Fort Lee, NJ",121,3,False,False
jersey-shore,city,New Jersey,send flowers to Jersey Shore,"Send Flowers, Cakes & Gifts to Jersey Shore, NJ | Same-Day | BlossomPot","Send Flowers, Cakes & Gifts to Jersey Shore, NJ",136,3,False,False
montclair,city,New Jersey,send flowers to Montclair,"Send Flowers, Cakes & Gifts to Montclair, NJ | Same-Day | BlossomPot","Send Flowers, Cakes & Gifts to Montclair, NJ",126,3,False,False
somerset,city,New Jersey,send flowers to Somerset,"Send Flowers, Cakes & Gifts to Somerset, NJ | Same-Day | BlossomPot","Send Flowers, Cakes & Gifts to Somerset, NJ",130,3,False,False
bridgewater,city,New Jersey,send flowers to Bridgewater,"Send Flowers, Cakes & Gifts to Bridgewater, NJ | Same-Day | BlossomPot","Send Flowers, Cakes & Gifts to Bridgewater, NJ",128,3,False,False
marlboro,city,New Jersey,send flowers to Marlboro,"Send Flowers, Cakes & Gifts to Marlboro, NJ | Same-Day | BlossomPot","Send Flowers, Cakes & Gifts to Marlboro, NJ",143,3,False,False
freehold,city,New Jersey,send flowers to Freehold,"Send Flowers, Cakes & Gifts to Freehold, NJ | Same-Day | BlossomPot","Send Flowers, Cakes & Gifts to Freehold, NJ",135,3,False,False
iselin,city,New Jersey,send flowers to Iselin,"Send Flowers, Cakes & Gifts to Iselin, NJ | Same-Day | BlossomPot","Send Flowers, Cakes & Gifts to Iselin, NJ",131,3,False,False
albuquerque,city,New Mexico,send flowers to Albuquerque,"Send Flowers, Cakes & Gifts to Albuquerque, NM | Same-Day | BlossomPot","Send Flowers, Cakes & Gifts to Albuquerque, NM",124,3,False,False
las-cruces,city,New Mexico,send flowers to Las Cruces,"Send Flowers, Cakes & Gifts to Las Cruces, NM | Same-Day | BlossomPot","Send Flowers, Cakes & Gifts to Las Cruces, NM",138,3,False,False
rio-rancho,city,New Mexico,send flowers to Rio Rancho,"Send Flowers, Cakes & Gifts to Rio Rancho, NM | Same-Day | BlossomPot","Send Flowers, Cakes & Gifts to Rio Rancho, NM",136,3,False,False
santa-fe,city,New Mexico,send flowers to Santa Fe,"Send Flowers, Cakes & Gifts to Santa Fe, NM | Same-Day | BlossomPot","Send Flowers, Cakes & Gifts to Santa Fe, NM",147,3,False,False
new-york-city,city,New York,send flowers to New York City,"Send Flowers, Cakes & Gifts to New York City, NY | Same-Day | BlossomPot","Send Flowers, Cakes & Gifts to New York City, NY",128,3,False,False
buffalo,city,New York,send flowers to Buffalo,"Send Flowers, Cakes & Gifts to Buffalo, NY | Same-Day | BlossomPot","Send Flowers, Cakes & Gifts to Buffalo, NY",131,3,False,False
rochester-ny,city,New York,send flowers to Rochester,"Send Flowers, Cakes & Gifts to Rochester, NY | Same-Day | BlossomPot","Send Flowers, Cakes & Gifts to Rochester, NY",124,3,False,False
yonkers,city,New York,send flowers to Yonkers,"Send Flowers, Cakes & Gifts to Yonkers, NY | Same-Day | BlossomPot","Send Flowers, Cakes & Gifts to Yonkers, NY",134,3,False,False
syracuse,city,New York,send flowers to Syracuse,"Send Flowers, Cakes & Gifts to Syracuse, NY | Same-Day | BlossomPot","Send Flowers, Cakes & Gifts to Syracuse, NY",127,3,False,False
albany-ny,city,New York,send flowers to Albany,"Send Flowers, Cakes & Gifts to Albany, NY | Same-Day | BlossomPot","Send Flowers, Cakes & Gifts to Albany, NY",139,3,False,False
new-rochelle,city,New York,send flowers to New Rochelle,"Send Flowers, Cakes & Gifts to New Rochelle, NY | Same-Day | BlossomPot","Send Flowers, Cakes & Gifts to New Rochelle, NY",122,3,False,False
mount-vernon,city,New York,send flowers to Mount Vernon,"Send Flowers, Cakes & Gifts to Mount Vernon, NY | Same-Day | BlossomPot","Send Flowers, Cakes & Gifts to Mount Vernon, NY",139,3,False,False
schenectady,city,New York,send flowers to Schenectady,"Send Flowers, Cakes & Gifts to Schenectady, NY | Same-Day | BlossomPot","Send Flowers, Cakes & Gifts to Schenectady, NY",124,3,False,False
utica,city,New York,send flowers to Utica,"Send Flowers, Cakes & Gifts to Utica, NY | Same-Day | BlossomPot","Send Flowers, Cakes & Gifts to Utica, NY",128,3,False,False
white-plains,city,New York,send flowers to White Plains,"Send Flowers, Cakes & Gifts to White Plains, NY | Same-Day | BlossomPot","Send Flowers, Cakes & Gifts to White Plains, NY",135,3,False,False
brooklyn,city,New York,send flowers to Brooklyn,"Send Flowers, Cakes & Gifts to Brooklyn, NY | Same-Day | BlossomPot","Send Flowers, Cakes & Gifts to Brooklyn, NY",146,3,False,False
queens,city,New York,send flowers to Queens,"Send Flowers, Cakes & Gifts to Queens, NY | Same-Day | BlossomPot","Send Flowers, Cakes & Gifts to Queens, NY",135,3,False,False
bronx,city,New York,send flowers to Bronx,"Send Flowers, Cakes & Gifts to Bronx, NY | Same-Day | BlossomPot","Send Flowers, Cakes & Gifts to Bronx, NY",136,3,False,False
staten-island,city,New York,send flowers to Staten Island,"Send Flowers, Cakes & Gifts to Staten Island, NY | Same-Day | BlossomPot","Send Flowers, Cakes & Gifts to Staten Island, NY",134,3,False,False
manhattan,city,New York,send flowers to Manhattan,"Send Flowers, Cakes & Gifts to Manhattan, NY | Same-Day | BlossomPot","Send Flowers, Cakes & Gifts to Manhattan, NY",133,3,False,False
hempstead,city,New York,send flowers to Hempstead,"Send Flowers, Cakes & Gifts to Hempstead, NY | Same-Day | BlossomPot","Send Flowers, Cakes & Gifts to Hempstead, NY",130,3,False,False
long-island,city,New York,send flowers to Long Island,"Send Flowers, Cakes & Gifts to Long Island, NY | Same-Day | BlossomPot","Send Flowers, Cakes & Gifts to Long Island, NY",145,3,False,False
scarsdale,city,New York,send flowers to Scarsdale,"Send Flowers, Cakes & Gifts to Scarsdale, NY | Same-Day | BlossomPot","Send Flowers, Cakes & Gifts to Scarsdale, NY",139,3,False,False
great-neck,city,New York,send flowers to Great Neck,"Send Flowers, Cakes & Gifts to Great Neck, NY | Same-Day | BlossomPot","Send Flowers, Cakes & Gifts to Great Neck, NY",136,3,False,False
jericho,city,New York,send flowers to Jericho,"Send Flowers, Cakes & Gifts to Jericho, NY | Same-Day | BlossomPot","Send Flowers, Cakes & Gifts to Jericho, NY",126,3,False,False
syosset,city,New York,send flowers to Syosset,"Send Flowers, Cakes & Gifts to Syosset, NY | Same-Day | BlossomPot","Send Flowers, Cakes & Gifts to Syosset, NY",129,3,False,False
poughkeepsie,city,New York,send flowers to Poughkeepsie,"Send Flowers, Cakes & Gifts to Poughkeepsie, NY | Same-Day | BlossomPot","Send Flowers, Cakes & Gifts to Poughkeepsie, NY",128,3,False,False
ithaca,city,New York,send flowers to Ithaca,"Send Flowers, Cakes & Gifts to Ithaca, NY | Same-Day | BlossomPot","Send Flowers, Cakes & Gifts to Ithaca, NY",139,3,False,False
charlotte,city,North Carolina,send flowers to Charlotte,"Send Flowers, Cakes & Gifts to Charlotte, NC | Same-Day | BlossomPot","Send Flowers, Cakes & Gifts to Charlotte, NC",132,3,False,False
raleigh,city,North Carolina,send flowers to Raleigh,"Send Flowers, Cakes & Gifts to Raleigh, NC | Same-Day | BlossomPot","Send Flowers, Cakes & Gifts to Raleigh, NC",131,3,False,False
greensboro,city,North Carolina,send flowers to Greensboro,"Send Flowers, Cakes & Gifts to Greensboro, NC | Same-Day | BlossomPot","Send Flowers, Cakes & Gifts to Greensboro, NC",131,3,False,False
durham,city,North Carolina,send flowers to Durham,"Send Flowers, Cakes & Gifts to Durham, NC | Same-Day | BlossomPot","Send Flowers, Cakes & Gifts to Durham, NC",130,3,False,False
winston-salem,city,North Carolina,send flowers to Winston-Salem,"Send Flowers, Cakes & Gifts to Winston-Salem, NC | Same-Day | BlossomPot","Send Flowers, Cakes & Gifts to Winston-Salem, NC",134,3,False,False
fayetteville-nc,city,North Carolina,send flowers to Fayetteville,"Send Flowers, Cakes & Gifts to Fayetteville, NC | Same-Day | BlossomPot","Send Flowers, Cakes & Gifts to Fayetteville, NC",138,3,False,False
cary,city,North Carolina,send flowers to Cary,"Send Flowers, Cakes & Gifts to Cary, NC | Same-Day | BlossomPot","Send Flowers, Cakes & Gifts to Cary, NC",133,3,False,False
wilmington-nc,city,North Carolina,send flowers to Wilmington,"Send Flowers, Cakes & Gifts to Wilmington, NC | Same-Day | BlossomPot","Send Flowers, Cakes & Gifts to Wilmington, NC",131,3,False,False
high-point,city,North Carolina,send flowers to High Point,"Send Flowers, Cakes & Gifts to High Point, NC | Same-Day | BlossomPot","Send Flowers, Cakes & Gifts to High Point, NC",133,3,False,False
concord-nc,city,North Carolina,send flowers to Concord,"Send Flowers, Cakes & Gifts to Concord, NC | Same-Day | BlossomPot","Send Flowers, Cakes & Gifts to Concord, NC",131,3,False,False
asheville,city,North Carolina,send flowers to Asheville,"Send Flowers, Cakes & Gifts to Asheville, NC | Same-Day | BlossomPot","Send Flowers, Cakes & Gifts to Asheville, NC",127,3,False,False
chapel-hill,city,North Carolina,send flowers to Chapel Hill,"Send Flowers, Cakes & Gifts to Chapel Hill, NC | Same-Day | BlossomPot","Send Flowers, Cakes & Gifts to Chapel Hill, NC",145,3,False,False
apex,city,North Carolina,send flowers to Apex,"Send Flowers, Cakes & Gifts to Apex, NC | Same-Day | BlossomPot","Send Flowers, Cakes & Gifts to Apex, NC",133,3,False,False
huntersville,city,North Carolina,send flowers to Huntersville,"Send Flowers, Cakes & Gifts to Huntersville, NC | Same-Day | BlossomPot","Send Flowers, Cakes & Gifts to Huntersville, NC",132,3,False,False
morrisville,city,North Carolina,send flowers to Morrisville,"Send Flowers, Cakes & Gifts to Morrisville, NC | Same-Day | BlossomPot","Send Flowers, Cakes & Gifts to Morrisville, NC",124,3,False,False
fargo,city,North Dakota,send flowers to Fargo,"Send Flowers, Cakes & Gifts to Fargo, ND | Same-Day | BlossomPot","Send Flowers, Cakes & Gifts to Fargo, ND",128,3,False,False
bismarck,city,North Dakota,send flowers to Bismarck,"Send Flowers, Cakes & Gifts to Bismarck, ND | Same-Day | BlossomPot","Send Flowers, Cakes & Gifts to Bismarck, ND",127,3,False,False
grand-forks,city,North Dakota,send flowers to Grand Forks,"Send Flowers, Cakes & Gifts to Grand Forks, ND | Same-Day | BlossomPot","Send Flowers, Cakes & Gifts to Grand Forks, ND",147,3,False,False
columbus-oh,city,Ohio,send flowers to Columbus,"Send Flowers, Cakes & Gifts to Columbus, OH | Same-Day | BlossomPot","Send Flowers, Cakes & Gifts to Columbus, OH",129,3,False,False
cleveland,city,Ohio,send flowers to Cleveland,"Send Flowers, Cakes & Gifts to Cleveland, OH | Same-Day | BlossomPot","Send Flowers, Cakes & Gifts to Cleveland, OH",128,3,False,False
cincinnati,city,Ohio,send flowers to Cincinnati,"Send Flowers, Cakes & Gifts to Cincinnati, OH | Same-Day | BlossomPot","Send Flowers, Cakes & Gifts to Cincinnati, OH",122,3,False,False
toledo,city,Ohio,send flowers to Toledo,"Send Flowers, Cakes & Gifts to Toledo, OH | Same-Day | BlossomPot","Send Flowers, Cakes & Gifts to Toledo, OH",129,3,False,False
akron,city,Ohio,send flowers to Akron,"Send Flowers, Cakes & Gifts to Akron, OH | Same-Day | BlossomPot","Send Flowers, Cakes & Gifts to Akron, OH",123,3,False,False
dayton,city,Ohio,send flowers to Dayton,"Send Flowers, Cakes & Gifts to Dayton, OH | Same-Day | BlossomPot","Send Flowers, Cakes & Gifts to Dayton, OH",137,3,False,False
parma,city,Ohio,send flowers to Parma,"Send Flowers, Cakes & Gifts to Parma, OH | Same-Day | BlossomPot","Send Flowers, Cakes & Gifts to Parma, OH",130,3,False,False
canton-oh,city,Ohio,send flowers to Canton,"Send Flowers, Cakes & Gifts to Canton, OH | Same-Day | BlossomPot","Send Flowers, Cakes & Gifts to Canton, OH",128,3,False,False
youngstown,city,Ohio,send flowers to Youngstown,"Send Flowers, Cakes & Gifts to Youngstown, OH | Same-Day | BlossomPot","Send Flowers, Cakes & Gifts to Youngstown, OH",122,3,False,False
dublin-oh,city,Ohio,send flowers to Dublin,"Send Flowers, Cakes & Gifts to Dublin, OH | Same-Day | BlossomPot","Send Flowers, Cakes & Gifts to Dublin, OH",126,3,False,False
westerville,city,Ohio,send flowers to Westerville,"Send Flowers, Cakes & Gifts to Westerville, OH | Same-Day | BlossomPot","Send Flowers, Cakes & Gifts to Westerville, OH",122,3,False,False
hilliard,city,Ohio,send flowers to Hilliard,"Send Flowers, Cakes & Gifts to Hilliard, OH | Same-Day | BlossomPot","Send Flowers, Cakes & Gifts to Hilliard, OH",137,3,False,False
mason,city,Ohio,send flowers to Mason,"Send Flowers, Cakes & Gifts to Mason, OH | Same-Day | BlossomPot","Send Flowers, Cakes & Gifts to Mason, OH",131,3,False,False
beavercreek,city,Ohio,send flowers to Beavercreek,"Send Flowers, Cakes & Gifts to Beavercreek, OH | Same-Day | BlossomPot","Send Flowers, Cakes & Gifts to Beavercreek, OH",129,3,False,False
oklahoma-city,city,Oklahoma,send flowers to Oklahoma City,"Send Flowers, Cakes & Gifts to Oklahoma City, OK | Same-Day | BlossomPot","Send Flowers, Cakes & Gifts to Oklahoma City, OK",130,3,False,False
tulsa,city,Oklahoma,send flowers to Tulsa,"Send Flowers, Cakes & Gifts to Tulsa, OK | Same-Day | BlossomPot","Send Flowers, Cakes & Gifts to Tulsa, OK",124,3,False,False
norman,city,Oklahoma,send flowers to Norman,"Send Flowers, Cakes & Gifts to Norman, OK | Same-Day | BlossomPot","Send Flowers, Cakes & Gifts to Norman, OK",122,3,False,False
broken-arrow,city,Oklahoma,send flowers to Broken Arrow,"Send Flowers, Cakes & Gifts to Broken Arrow, OK | Same-Day | BlossomPot","Send Flowers, Cakes & Gifts to Broken Arrow, OK",143,3,False,False
edmond,city,Oklahoma,send flowers to Edmond,"Send Flowers, Cakes & Gifts to Edmond, OK | Same-Day | BlossomPot","Send Flowers, Cakes & Gifts to Edmond, OK",129,3,False,False
lawton,city,Oklahoma,send flowers to Lawton,"Send Flowers, Cakes & Gifts to Lawton, OK | Same-Day | BlossomPot","Send Flowers, Cakes & Gifts to Lawton, OK",127,3,False,False
portland-or,city,Oregon,send flowers to Portland,"Send Flowers, Cakes & Gifts to Portland, OR | Same-Day | BlossomPot","Send Flowers, Cakes & Gifts to Portland, OR",125,3,False,False
salem,city,Oregon,send flowers to Salem,"Send Flowers, Cakes & Gifts to Salem, OR | Same-Day | BlossomPot","Send Flowers, Cakes & Gifts to Salem, OR",129,3,False,False
eugene,city,Oregon,send flowers to Eugene,"Send Flowers, Cakes & Gifts to Eugene, OR | Same-Day | BlossomPot","Send Flowers, Cakes & Gifts to Eugene, OR",122,3,False,False
gresham,city,Oregon,send flowers to Gresham,"Send Flowers, Cakes & Gifts to Gresham, OR | Same-Day | BlossomPot","Send Flowers, Cakes & Gifts to Gresham, OR",139,3,False,False
hillsboro,city,Oregon,send flowers to Hillsboro,"Send Flowers, Cakes & Gifts to Hillsboro, OR | Same-Day | BlossomPot","Send Flowers, Cakes & Gifts to Hillsboro, OR",133,3,False,False
beaverton,city,Oregon,send flowers to Beaverton,"Send Flowers, Cakes & Gifts to Beaverton, OR | Same-Day | BlossomPot","Send Flowers, Cakes & Gifts to Beaverton, OR",132,3,False,False
bend,city,Oregon,send flowers to Bend,"Send Flowers, Cakes & Gifts to Bend, OR | Same-Day | BlossomPot","Send Flowers, Cakes & Gifts to Bend, OR",120,3,False,False
medford-or,city,Oregon,send flowers to Medford,"Send Flowers, Cakes & Gifts to Medford, OR | Same-Day | BlossomPot","Send Flowers, Cakes & Gifts to Medford, OR",124,3,False,False
springfield-or,city,Oregon,send flowers to Springfield,"Send Flowers, Cakes & Gifts to Springfield, OR | Same-Day | BlossomPot","Send Flowers, Cakes & Gifts to Springfield, OR",122,3,False,False
tigard,city,Oregon,send flowers to Tigard,"Send Flowers, Cakes & Gifts to Tigard, OR | Same-Day | BlossomPot","Send Flowers, Cakes & Gifts to Tigard, OR",139,3,False,False
lake-oswego,city,Oregon,send flowers to Lake Oswego,"Send Flowers, Cakes & Gifts to Lake Oswego, OR | Same-Day | BlossomPot","Send Flowers, Cakes & Gifts to Lake Oswego, OR",138,3,False,False
philadelphia,city,Pennsylvania,send flowers to Philadelphia,"Send Flowers, Cakes & Gifts to Philadelphia, PA | Same-Day | BlossomPot","Send Flowers, Cakes & Gifts to Philadelphia, PA",134,3,False,True
pittsburgh,city,Pennsylvania,send flowers to Pittsburgh,"Send Flowers, Cakes & Gifts to Pittsburgh, PA | Same-Day | BlossomPot","Send Flowers, Cakes & Gifts to Pittsburgh, PA",120,3,False,False
allentown,city,Pennsylvania,send flowers to Allentown,"Send Flowers, Cakes & Gifts to Allentown, PA | Same-Day | BlossomPot","Send Flowers, Cakes & Gifts to Allentown, PA",128,3,False,False
erie,city,Pennsylvania,send flowers to Erie,"Send Flowers, Cakes & Gifts to Erie, PA | Same-Day | BlossomPot","Send Flowers, Cakes & Gifts to Erie, PA",122,3,False,False
reading,city,Pennsylvania,send flowers to Reading,"Send Flowers, Cakes & Gifts to Reading, PA | Same-Day | BlossomPot","Send Flowers, Cakes & Gifts to Reading, PA",141,3,False,False
scranton,city,Pennsylvania,send flowers to Scranton,"Send Flowers, Cakes & Gifts to Scranton, PA | Same-Day | BlossomPot","Send Flowers, Cakes & Gifts to Scranton, PA",129,3,False,False
bethlehem,city,Pennsylvania,send flowers to Bethlehem,"Send Flowers, Cakes & Gifts to Bethlehem, PA | Same-Day | BlossomPot","Send Flowers, Cakes & Gifts to Bethlehem, PA",131,3,False,False
lancaster-pa,city,Pennsylvania,send flowers to Lancaster,"Send Flowers, Cakes & Gifts to Lancaster, PA | Same-Day | BlossomPot","Send Flowers, Cakes & Gifts to Lancaster, PA",124,3,False,False
harrisburg,city,Pennsylvania,send flowers to Harrisburg,"Send Flowers, Cakes & Gifts to Harrisburg, PA | Same-Day | BlossomPot","Send Flowers, Cakes & Gifts to Harrisburg, PA",124,3,False,False
altoona,city,Pennsylvania,send flowers to Altoona,"Send Flowers, Cakes & Gifts to Altoona, PA | Same-Day | BlossomPot","Send Flowers, Cakes & Gifts to Altoona, PA",122,3,False,False
york,city,Pennsylvania,send flowers to York,"Send Flowers, Cakes & Gifts to York, PA | Same-Day | BlossomPot","Send Flowers, Cakes & Gifts to York, PA",138,3,False,False
state-college,city,Pennsylvania,send flowers to State College,"Send Flowers, Cakes & Gifts to State College, PA | Same-Day | BlossomPot","Send Flowers, Cakes & Gifts to State College, PA",139,3,False,False
king-of-prussia,city,Pennsylvania,send flowers to King of Prussia,"Send Flowers, Cakes & Gifts to King of Prussia, PA | Same-Day | BlossomPot","Send Flowers, Cakes & Gifts to King of Prussia, PA",140,3,False,False
wayne,city,Pennsylvania,send flowers to Wayne,"Send Flowers, Cakes & Gifts to Wayne, PA | Same-Day | BlossomPot","Send Flowers, Cakes & Gifts to Wayne, PA",130,3,False,False
doylestown,city,Pennsylvania,send flowers to Doylestown,"Send Flowers, Cakes & Gifts to Doylestown, PA | Same-Day | BlossomPot","Send Flowers, Cakes & Gifts to Doylestown, PA",130,3,False,False
providence,city,Rhode Island,send flowers to Providence,"Send Flowers, Cakes & Gifts to Providence, RI | Same-Day | BlossomPot","Send Flowers, Cakes & Gifts to Providence, RI",127,3,False,False
warwick,city,Rhode Island,send flowers to Warwick,"Send Flowers, Cakes & Gifts to Warwick, RI | Same-Day | BlossomPot","Send Flowers, Cakes & Gifts to Warwick, RI",140,3,False,False
cranston,city,Rhode Island,send flowers to Cranston,"Send Flowers, Cakes & Gifts to Cranston, RI | Same-Day | BlossomPot","Send Flowers, Cakes & Gifts to Cranston, RI",133,3,False,False
pawtucket,city,Rhode Island,send flowers to Pawtucket,"Send Flowers, Cakes & Gifts to Pawtucket, RI | Same-Day | BlossomPot","Send Flowers, Cakes & Gifts to Pawtucket, RI",131,3,False,False
charleston,city,South Carolina,send flowers to Charleston,"Send Flowers, Cakes & Gifts to Charleston, SC | Same-Day | BlossomPot","Send Flowers, Cakes & Gifts to Charleston, SC",127,3,False,False
columbia-sc,city,South Carolina,send flowers to Columbia,"Send Flowers, Cakes & Gifts to Columbia, SC | Same-Day | BlossomPot","Send Flowers, Cakes & Gifts to Columbia, SC",128,3,False,False
north-charleston,city,South Carolina,send flowers to North Charleston,"Send Flowers, Cakes & Gifts to North Charleston, SC | Same-Day | BlossomPot","Send Flowers, Cakes & Gifts to North Charleston, SC",132,3,False,False
mount-pleasant,city,South Carolina,send flowers to Mount Pleasant,"Send Flowers, Cakes & Gifts to Mount Pleasant, SC | Same-Day | BlossomPot","Send Flowers, Cakes & Gifts to Mount Pleasant, SC",145,3,False,False
rock-hill,city,South Carolina,send flowers to Rock Hill,"Send Flowers, Cakes & Gifts to Rock Hill, SC | Same-Day | BlossomPot","Send Flowers, Cakes & Gifts to Rock Hill, SC",138,3,False,False
greenville,city,South Carolina,send flowers to Greenville,"Send Flowers, Cakes & Gifts to Greenville, SC | Same-Day | BlossomPot","Send Flowers, Cakes & Gifts to Greenville, SC",131,3,False,False
summerville,city,South Carolina,send flowers to Summerville,"Send Flowers, Cakes & Gifts to Summerville, SC | Same-Day | BlossomPot","Send Flowers, Cakes & Gifts to Summerville, SC",126,3,False,False
myrtle-beach,city,South Carolina,send flowers to Myrtle Beach,"Send Flowers, Cakes & Gifts to Myrtle Beach, SC | Same-Day | BlossomPot","Send Flowers, Cakes & Gifts to Myrtle Beach, SC",138,3,False,False
sioux-falls,city,South Dakota,send flowers to Sioux Falls,"Send Flowers, Cakes & Gifts to Sioux Falls, SD | Same-Day | BlossomPot","Send Flowers, Cakes & Gifts to Sioux Falls, SD",136,3,False,False
rapid-city,city,South Dakota,send flowers to Rapid City,"Send Flowers, Cakes & Gifts to Rapid City, SD | Same-Day | BlossomPot","Send Flowers, Cakes & Gifts to Rapid City, SD",147,3,False,False
nashville,city,Tennessee,send flowers to Nashville,"Send Flowers, Cakes & Gifts to Nashville, TN | Same-Day | BlossomPot","Send Flowers, Cakes & Gifts to Nashville, TN",130,3,False,False
memphis,city,Tennessee,send flowers to Memphis,"Send Flowers, Cakes & Gifts to Memphis, TN | Same-Day | BlossomPot","Send Flowers, Cakes & Gifts to Memphis, TN",127,3,False,False
knoxville,city,Tennessee,send flowers to Knoxville,"Send Flowers, Cakes & Gifts to Knoxville, TN | Same-Day | BlossomPot","Send Flowers, Cakes & Gifts to Knoxville, TN",120,3,False,False
chattanooga,city,Tennessee,send flowers to Chattanooga,"Send Flowers, Cakes & Gifts to Chattanooga, TN | Same-Day | BlossomPot","Send Flowers, Cakes & Gifts to Chattanooga, TN",124,3,False,False
clarksville,city,Tennessee,send flowers to Clarksville,"Send Flowers, Cakes & Gifts to Clarksville, TN | Same-Day | BlossomPot","Send Flowers, Cakes & Gifts to Clarksville, TN",124,3,False,False
murfreesboro,city,Tennessee,send flowers to Murfreesboro,"Send Flowers, Cakes & Gifts to Murfreesboro, TN | Same-Day | BlossomPot","Send Flowers, Cakes & Gifts to Murfreesboro, TN",135,3,False,False
franklin,city,Tennessee,send flowers to Franklin,"Send Flowers, Cakes & Gifts to Franklin, TN | Same-Day | BlossomPot","Send Flowers, Cakes & Gifts to Franklin, TN",130,3,False,False
johnson-city,city,Tennessee,send flowers to Johnson City,"Send Flowers, Cakes & Gifts to Johnson City, TN | Same-Day | BlossomPot","Send Flowers, Cakes & Gifts to Johnson City, TN",135,3,False,False
brentwood,city,Tennessee,send flowers to Brentwood,"Send Flowers, Cakes & Gifts to Brentwood, TN | Same-Day | BlossomPot","Send Flowers, Cakes & Gifts to Brentwood, TN",121,3,False,False
houston,city,Texas,send flowers to Houston,"Send Flowers, Cakes & Gifts to Houston, TX | Same-Day | BlossomPot","Send Flowers, Cakes & Gifts to Houston, TX",133,3,False,False
san-antonio,city,Texas,send flowers to San Antonio,"Send Flowers, Cakes & Gifts to San Antonio, TX | Same-Day | BlossomPot","Send Flowers, Cakes & Gifts to San Antonio, TX",131,3,False,False
dallas,city,Texas,send flowers to Dallas,"Send Flowers, Cakes & Gifts to Dallas, TX | Same-Day | BlossomPot","Send Flowers, Cakes & Gifts to Dallas, TX",137,3,False,False
austin,city,Texas,send flowers to Austin,"Send Flowers, Cakes & Gifts to Austin, TX | Same-Day | BlossomPot","Send Flowers, Cakes & Gifts to Austin, TX",138,3,False,False
fort-worth,city,Texas,send flowers to Fort Worth,"Send Flowers, Cakes & Gifts to Fort Worth, TX | Same-Day | BlossomPot","Send Flowers, Cakes & Gifts to Fort Worth, TX",137,3,False,False
el-paso,city,Texas,send flowers to El Paso,"Send Flowers, Cakes & Gifts to El Paso, TX | Same-Day | BlossomPot","Send Flowers, Cakes & Gifts to El Paso, TX",130,3,False,False
arlington,city,Texas,send flowers to Arlington,"Send Flowers, Cakes & Gifts to Arlington, TX | Same-Day | BlossomPot","Send Flowers, Cakes & Gifts to Arlington, TX",132,3,False,False
corpus-christi,city,Texas,send flowers to Corpus Christi,"Send Flowers, Cakes & Gifts to Corpus Christi, TX | Same-Day | BlossomPot","Send Flowers, Cakes & Gifts to Corpus Christi, TX",131,3,False,False
plano,city,Texas,send flowers to Plano,"Send Flowers, Cakes & Gifts to Plano, TX | Same-Day | BlossomPot","Send Flowers, Cakes & Gifts to Plano, TX",137,3,False,False
laredo,city,Texas,send flowers to Laredo,"Send Flowers, Cakes & Gifts to Laredo, TX | Same-Day | BlossomPot","Send Flowers, Cakes & Gifts to Laredo, TX",129,3,False,False
lubbock,city,Texas,send flowers to Lubbock,"Send Flowers, Cakes & Gifts to Lubbock, TX | Same-Day | BlossomPot","Send Flowers, Cakes & Gifts to Lubbock, TX",127,3,False,False
garland,city,Texas,send flowers to Garland,"Send Flowers, Cakes & Gifts to Garland, TX | Same-Day | BlossomPot","Send Flowers, Cakes & Gifts to Garland, TX",122,3,False,False
irving,city,Texas,send flowers to Irving,"Send Flowers, Cakes & Gifts to Irving, TX | Same-Day | BlossomPot","Send Flowers, Cakes & Gifts to Irving, TX",129,3,False,False
amarillo,city,Texas,send flowers to Amarillo,"Send Flowers, Cakes & Gifts to Amarillo, TX | Same-Day | BlossomPot","Send Flowers, Cakes & Gifts to Amarillo, TX",122,3,False,False
grand-prairie,city,Texas,send flowers to Grand Prairie,"Send Flowers, Cakes & Gifts to Grand Prairie, TX | Same-Day | BlossomPot","Send Flowers, Cakes & Gifts to Grand Prairie, TX",143,3,False,False
brownsville,city,Texas,send flowers to Brownsville,"Send Flowers, Cakes & Gifts to Brownsville, TX | Same-Day | BlossomPot","Send Flowers, Cakes & Gifts to Brownsville, TX",129,3,False,False
mckinney,city,Texas,send flowers to McKinney,"Send Flowers, Cakes & Gifts to McKinney, TX | Same-Day | BlossomPot","Send Flowers, Cakes & Gifts to McKinney, TX",129,3,False,False
frisco,city,Texas,send flowers to Frisco,"Send Flowers, Cakes & Gifts to Frisco, TX | Same-Day | BlossomPot","Send Flowers, Cakes & Gifts to Frisco, TX",122,3,False,False
pasadena-tx,city,Texas,send flowers to Pasadena,"Send Flowers, Cakes & Gifts to Pasadena, TX | Same-Day | BlossomPot","Send Flowers, Cakes & Gifts to Pasadena, TX",131,3,False,False
killeen,city,Texas,send flowers to Killeen,"Send Flowers, Cakes & Gifts to Killeen, TX | Same-Day | BlossomPot","Send Flowers, Cakes & Gifts to Killeen, TX",128,3,False,False
mesquite,city,Texas,send flowers to Mesquite,"Send Flowers, Cakes & Gifts to Mesquite, TX | Same-Day | BlossomPot","Send Flowers, Cakes & Gifts to Mesquite, TX",137,3,False,False
mcallen,city,Texas,send flowers to McAllen,"Send Flowers, Cakes & Gifts to McAllen, TX | Same-Day | BlossomPot","Send Flowers, Cakes & Gifts to McAllen, TX",129,3,False,False
carrollton,city,Texas,send flowers to Carrollton,"Send Flowers, Cakes & Gifts to Carrollton, TX | Same-Day | BlossomPot","Send Flowers, Cakes & Gifts to Carrollton, TX",129,3,False,False
midland,city,Texas,send flowers to Midland,"Send Flowers, Cakes & Gifts to Midland, TX | Same-Day | BlossomPot","Send Flowers, Cakes & Gifts to Midland, TX",120,3,False,False
waco,city,Texas,send flowers to Waco,"Send Flowers, Cakes & Gifts to Waco, TX | Same-Day | BlossomPot","Send Flowers, Cakes & Gifts to Waco, TX",124,3,False,False
denton,city,Texas,send flowers to Denton,"Send Flowers, Cakes & Gifts to Denton, TX | Same-Day | BlossomPot","Send Flowers, Cakes & Gifts to Denton, TX",127,3,False,False
abilene,city,Texas,send flowers to Abilene,"Send Flowers, Cakes & Gifts to Abilene, TX | Same-Day | BlossomPot","Send Flowers, Cakes & Gifts to Abilene, TX",135,3,False,False
odessa,city,Texas,send flowers to Odessa,"Send Flowers, Cakes & Gifts to Odessa, TX | Same-Day | BlossomPot","Send Flowers, Cakes & Gifts to Odessa, TX",129,3,False,False
round-rock,city,Texas,send flowers to Round Rock,"Send Flowers, Cakes & Gifts to Round Rock, TX | Same-Day | BlossomPot","Send Flowers, Cakes & Gifts to Round Rock, TX",138,3,False,False
richardson,city,Texas,send flowers to Richardson,"Send Flowers, Cakes & Gifts to Richardson, TX | Same-Day | BlossomPot","Send Flowers, Cakes & Gifts to Richardson, TX",122,3,False,False
sugar-land,city,Texas,send flowers to Sugar Land,"Send Flowers, Cakes & Gifts to Sugar Land, TX | Same-Day | BlossomPot","Send Flowers, Cakes & Gifts to Sugar Land, TX",136,3,False,False
katy,city,Texas,send flowers to Katy,"Send Flowers, Cakes & Gifts to Katy, TX | Same-Day | BlossomPot","Send Flowers, Cakes & Gifts to Katy, TX",129,3,False,False
the-woodlands,city,Texas,send flowers to The Woodlands,"Send Flowers, Cakes & Gifts to The Woodlands, TX | Same-Day | BlossomPot","Send Flowers, Cakes & Gifts to The Woodlands, TX",144,3,False,False
league-city,city,Texas,send flowers to League City,"Send Flowers, Cakes & Gifts to League City, TX | Same-Day | BlossomPot","Send Flowers, Cakes & Gifts to League City, TX",120,3,False,False
pearland,city,Texas,send flowers to Pearland,"Send Flowers, Cakes & Gifts to Pearland, TX | Same-Day | BlossomPot","Send Flowers, Cakes & Gifts to Pearland, TX",134,3,False,False
allen,city,Texas,send flowers to Allen,"Send Flowers, Cakes & Gifts to Allen, TX | Same-Day | BlossomPot","Send Flowers, Cakes & Gifts to Allen, TX",122,3,False,False
lewisville,city,Texas,send flowers to Lewisville,"Send Flowers, Cakes & Gifts to Lewisville, TX | Same-Day | BlossomPot","Send Flowers, Cakes & Gifts to Lewisville, TX",129,3,False,False
college-station,city,Texas,send flowers to College Station,"Send Flowers, Cakes & Gifts to College Station, TX | Same-Day | BlossomPot","Send Flowers, Cakes & Gifts to College Station, TX",131,3,False,False
tyler,city,Texas,send flowers to Tyler,"Send Flowers, Cakes & Gifts to Tyler, TX | Same-Day | BlossomPot","Send Flowers, Cakes & Gifts to Tyler, TX",135,3,False,False
san-marcos,city,Texas,send flowers to San Marcos,"Send Flowers, Cakes & Gifts to San Marcos, TX | Same-Day | BlossomPot","Send Flowers, Cakes & Gifts to San Marcos, TX",123,3,False,False
cedar-park,city,Texas,send flowers to Cedar Park,"Send Flowers, Cakes & Gifts to Cedar Park, TX | Same-Day | BlossomPot","Send Flowers, Cakes & Gifts to Cedar Park, TX",138,3,False,False
georgetown,city,Texas,send flowers to Georgetown,"Send Flowers, Cakes & Gifts to Georgetown, TX | Same-Day | BlossomPot","Send Flowers, Cakes & Gifts to Georgetown, TX",129,3,False,False
spring,city,Texas,send flowers to Spring,"Send Flowers, Cakes & Gifts to Spring, TX | Same-Day | BlossomPot","Send Flowers, Cakes & Gifts to Spring, TX",130,3,False,False
cypress,city,Texas,send flowers to Cypress,"Send Flowers, Cakes & Gifts to Cypress, TX | Same-Day | BlossomPot","Send Flowers, Cakes & Gifts to Cypress, TX",129,3,False,False
missouri-city,city,Texas,send flowers to Missouri City,"Send Flowers, Cakes & Gifts to Missouri City, TX | Same-Day | BlossomPot","Send Flowers, Cakes & Gifts to Missouri City, TX",145,3,False,False
flower-mound,city,Texas,send flowers to Flower Mound,"Send Flowers, Cakes & Gifts to Flower Mound, TX | Same-Day | BlossomPot","Send Flowers, Cakes & Gifts to Flower Mound, TX",138,3,False,False
coppell,city,Texas,send flowers to Coppell,"Send Flowers, Cakes & Gifts to Coppell, TX | Same-Day | BlossomPot","Send Flowers, Cakes & Gifts to Coppell, TX",131,3,False,False
southlake,city,Texas,send flowers to Southlake,"Send Flowers, Cakes & Gifts to Southlake, TX | Same-Day | BlossomPot","Send Flowers, Cakes & Gifts to Southlake, TX",125,3,False,False
salt-lake-city,city,Utah,send flowers to Salt Lake City,"Send Flowers, Cakes & Gifts to Salt Lake City, UT | Same-Day | BlossomPot","Send Flowers, Cakes & Gifts to Salt Lake City, UT",126,3,False,False
west-valley-city,city,Utah,send flowers to West Valley City,"Send Flowers, Cakes & Gifts to West Valley City, UT | Same-Day | BlossomPot","Send Flowers, Cakes & Gifts to West Valley City, UT",121,3,False,False
provo,city,Utah,send flowers to Provo,"Send Flowers, Cakes & Gifts to Provo, UT | Same-Day | BlossomPot","Send Flowers, Cakes & Gifts to Provo, UT",138,3,False,False
west-jordan,city,Utah,send flowers to West Jordan,"Send Flowers, Cakes & Gifts to West Jordan, UT | Same-Day | BlossomPot","Send Flowers, Cakes & Gifts to West Jordan, UT",124,3,False,False
orem,city,Utah,send flowers to Orem,"Send Flowers, Cakes & Gifts to Orem, UT | Same-Day | BlossomPot","Send Flowers, Cakes & Gifts to Orem, UT",130,3,False,False
sandy,city,Utah,send flowers to Sandy,"Send Flowers, Cakes & Gifts to Sandy, UT | Same-Day | BlossomPot","Send Flowers, Cakes & Gifts to Sandy, UT",131,3,False,False
ogden,city,Utah,send flowers to Ogden,"Send Flowers, Cakes & Gifts to Ogden, UT | Same-Day | BlossomPot","Send Flowers, Cakes & Gifts to Ogden, UT",141,3,False,False
lehi,city,Utah,send flowers to Lehi,"Send Flowers, Cakes & Gifts to Lehi, UT | Same-Day | BlossomPot","Send Flowers, Cakes & Gifts to Lehi, UT",125,3,False,False
draper,city,Utah,send flowers to Draper,"Send Flowers, Cakes & Gifts to Draper, UT | Same-Day | BlossomPot","Send Flowers, Cakes & Gifts to Draper, UT",141,3,False,False
park-city,city,Utah,send flowers to Park City,"Send Flowers, Cakes & Gifts to Park City, UT | Same-Day | BlossomPot","Send Flowers, Cakes & Gifts to Park City, UT",125,3,False,False
burlington-vt,city,Vermont,send flowers to Burlington,"Send Flowers, Cakes & Gifts to Burlington, VT | Same-Day | BlossomPot","Send Flowers, Cakes & Gifts to Burlington, VT",127,3,False,False
south-burlington,city,Vermont,send flowers to South Burlington,"Send Flowers, Cakes & Gifts to South Burlington, VT | Same-Day | BlossomPot","Send Flowers, Cakes & Gifts to South Burlington, VT",130,3,False,False
virginia-beach,city,Virginia,send flowers to Virginia Beach,"Send Flowers, Cakes & Gifts to Virginia Beach, VA | Same-Day | BlossomPot","Send Flowers, Cakes & Gifts to Virginia Beach, VA",133,3,False,False
norfolk,city,Virginia,send flowers to Norfolk,"Send Flowers, Cakes & Gifts to Norfolk, VA | Same-Day | BlossomPot","Send Flowers, Cakes & Gifts to Norfolk, VA",126,3,False,False
chesapeake,city,Virginia,send flowers to Chesapeake,"Send Flowers, Cakes & Gifts to Chesapeake, VA | Same-Day | BlossomPot","Send Flowers, Cakes & Gifts to Chesapeake, VA",139,3,False,False
richmond-va,city,Virginia,send flowers to Richmond,"Send Flowers, Cakes & Gifts to Richmond, VA | Same-Day | BlossomPot","Send Flowers, Cakes & Gifts to Richmond, VA",129,3,False,False
newport-news,city,Virginia,send flowers to Newport News,"Send Flowers, Cakes & Gifts to Newport News, VA | Same-Day | BlossomPot","Send Flowers, Cakes & Gifts to Newport News, VA",134,3,False,False
alexandria,city,Virginia,send flowers to Alexandria,"Send Flowers, Cakes & Gifts to Alexandria, VA | Same-Day | BlossomPot","Send Flowers, Cakes & Gifts to Alexandria, VA",122,3,False,False
hampton,city,Virginia,send flowers to Hampton,"Send Flowers, Cakes & Gifts to Hampton, VA | Same-Day | BlossomPot","Send Flowers, Cakes & Gifts to Hampton, VA",129,3,False,False
roanoke,city,Virginia,send flowers to Roanoke,"Send Flowers, Cakes & Gifts to Roanoke, VA | Same-Day | BlossomPot","Send Flowers, Cakes & Gifts to Roanoke, VA",122,3,False,False
arlington-va,city,Virginia,send flowers to Arlington,"Send Flowers, Cakes & Gifts to Arlington, VA | Same-Day | BlossomPot","Send Flowers, Cakes & Gifts to Arlington, VA",137,3,False,False
ashburn,city,Virginia,send flowers to Ashburn,"Send Flowers, Cakes & Gifts to Ashburn, VA | Same-Day | BlossomPot","Send Flowers, Cakes & Gifts to Ashburn, VA",131,3,False,False
reston,city,Virginia,send flowers to Reston,"Send Flowers, Cakes & Gifts to Reston, VA | Same-Day | BlossomPot","Send Flowers, Cakes & Gifts to Reston, VA",129,3,False,False
herndon,city,Virginia,send flowers to Herndon,"Send Flowers, Cakes & Gifts to Herndon, VA | Same-Day | BlossomPot","Send Flowers, Cakes & Gifts to Herndon, VA",122,3,False,False
fairfax,city,Virginia,send flowers to Fairfax,"Send Flowers, Cakes & Gifts to Fairfax, VA | Same-Day | BlossomPot","Send Flowers, Cakes & Gifts to Fairfax, VA",126,3,False,False
vienna,city,Virginia,send flowers to Vienna,"Send Flowers, Cakes & Gifts to Vienna, VA | Same-Day | BlossomPot","Send Flowers, Cakes & Gifts to Vienna, VA",124,3,False,False
mclean,city,Virginia,send flowers to McLean,"Send Flowers, Cakes & Gifts to McLean, VA | Same-Day | BlossomPot","Send Flowers, Cakes & Gifts to McLean, VA",137,3,False,False
chantilly,city,Virginia,send flowers to Chantilly,"Send Flowers, Cakes & Gifts to Chantilly, VA | Same-Day | BlossomPot","Send Flowers, Cakes & Gifts to Chantilly, VA",131,3,False,False
centreville,city,Virginia,send flowers to Centreville,"Send Flowers, Cakes & Gifts to Centreville, VA | Same-Day | BlossomPot","Send Flowers, Cakes & Gifts to Centreville, VA",129,3,False,False
sterling,city,Virginia,send flowers to Sterling,"Send Flowers, Cakes & Gifts to Sterling, VA | Same-Day | BlossomPot","Send Flowers, Cakes & Gifts to Sterling, VA",122,3,False,False
leesburg,city,Virginia,send flowers to Leesburg,"Send Flowers, Cakes & Gifts to Leesburg, VA | Same-Day | BlossomPot","Send Flowers, Cakes & Gifts to Leesburg, VA",126,3,False,False
manassas,city,Virginia,send flowers to Manassas,"Send Flowers, Cakes & Gifts to Manassas, VA | Same-Day | BlossomPot","Send Flowers, Cakes & Gifts to Manassas, VA",124,3,False,False
woodbridge-va,city,Virginia,send flowers to Woodbridge,"Send Flowers, Cakes & Gifts to Woodbridge, VA | Same-Day | BlossomPot","Send Flowers, Cakes & Gifts to Woodbridge, VA",137,3,False,False
charlottesville,city,Virginia,send flowers to Charlottesville,"Send Flowers, Cakes & Gifts to Charlottesville, VA | Same-Day | BlossomPot","Send Flowers, Cakes & Gifts to Charlottesville, VA",129,3,False,False
blacksburg,city,Virginia,send flowers to Blacksburg,"Send Flowers, Cakes & Gifts to Blacksburg, VA | Same-Day | BlossomPot","Send Flowers, Cakes & Gifts to Blacksburg, VA",127,3,False,False
seattle,city,Washington,send flowers to Seattle,"Send Flowers, Cakes & Gifts to Seattle, WA | Same-Day | BlossomPot","Send Flowers, Cakes & Gifts to Seattle, WA",122,3,False,True
spokane,city,Washington,send flowers to Spokane,"Send Flowers, Cakes & Gifts to Spokane, WA | Same-Day | BlossomPot","Send Flowers, Cakes & Gifts to Spokane, WA",124,3,False,False
tacoma,city,Washington,send flowers to Tacoma,"Send Flowers, Cakes & Gifts to Tacoma, WA | Same-Day | BlossomPot","Send Flowers, Cakes & Gifts to Tacoma, WA",127,3,False,False
vancouver,city,Washington,send flowers to Vancouver,"Send Flowers, Cakes & Gifts to Vancouver, WA | Same-Day | BlossomPot","Send Flowers, Cakes & Gifts to Vancouver, WA",138,3,False,False
bellevue-wa,city,Washington,send flowers to Bellevue,"Send Flowers, Cakes & Gifts to Bellevue, WA | Same-Day | BlossomPot","Send Flowers, Cakes & Gifts to Bellevue, WA",131,3,False,False
kent,city,Washington,send flowers to Kent,"Send Flowers, Cakes & Gifts to Kent, WA | Same-Day | BlossomPot","Send Flowers, Cakes & Gifts to Kent, WA",132,3,False,False
everett,city,Washington,send flowers to Everett,"Send Flowers, Cakes & Gifts to Everett, WA | Same-Day | BlossomPot","Send Flowers, Cakes & Gifts to Everett, WA",122,3,False,False
renton,city,Washington,send flowers to Renton,"Send Flowers, Cakes & Gifts to Renton, WA | Same-Day | BlossomPot","Send Flowers, Cakes & Gifts to Renton, WA",127,3,False,False
federal-way,city,Washington,send flowers to Federal Way,"Send Flowers, Cakes & Gifts to Federal Way, WA | Same-Day | BlossomPot","Send Flowers, Cakes & Gifts to Federal Way, WA",130,3,False,False
redmond,city,Washington,send flowers to Redmond,"Send Flowers, Cakes & Gifts to Redmond, WA | Same-Day | BlossomPot","Send Flowers, Cakes & Gifts to Redmond, WA",137,3,False,False
kirkland,city,Washington,send flowers to Kirkland,"Send Flowers, Cakes & Gifts to Kirkland, WA | Same-Day | BlossomPot","Send Flowers, Cakes & Gifts to Kirkland, WA",131,3,False,False
sammamish,city,Washington,send flowers to Sammamish,"Send Flowers, Cakes & Gifts to Sammamish, WA | Same-Day | BlossomPot","Send Flowers, Cakes & Gifts to Sammamish, WA",129,3,False,False
bothell,city,Washington,send flowers to Bothell,"Send Flowers, Cakes & Gifts to Bothell, WA | Same-Day | BlossomPot","Send Flowers, Cakes & Gifts to Bothell, WA",122,3,False,False
issaquah,city,Washington,send flowers to Issaquah,"Send Flowers, Cakes & Gifts to Issaquah, WA | Same-Day | BlossomPot","Send Flowers, Cakes & Gifts to Issaquah, WA",126,3,False,False
olympia,city,Washington,send flowers to Olympia,"Send Flowers, Cakes & Gifts to Olympia, WA | Same-Day | BlossomPot","Send Flowers, Cakes & Gifts to Olympia, WA",127,3,False,False
bellingham,city,Washington,send flowers to Bellingham,"Send Flowers, Cakes & Gifts to Bellingham, WA | Same-Day | BlossomPot","Send Flowers, Cakes & Gifts to Bellingham, WA",135,3,False,False
charleston-wv,city,West Virginia,send flowers to Charleston,"Send Flowers, Cakes & Gifts to Charleston, WV | Same-Day | BlossomPot","Send Flowers, Cakes & Gifts to Charleston, WV",133,3,False,False
huntington,city,West Virginia,send flowers to Huntington,"Send Flowers, Cakes & Gifts to Huntington, WV | Same-Day | BlossomPot","Send Flowers, Cakes & Gifts to Huntington, WV",131,3,False,False
morgantown,city,West Virginia,send flowers to Morgantown,"Send Flowers, Cakes & Gifts to Morgantown, WV | Same-Day | BlossomPot","Send Flowers, Cakes & Gifts to Morgantown, WV",124,3,False,False
milwaukee,city,Wisconsin,send flowers to Milwaukee,"Send Flowers, Cakes & Gifts to Milwaukee, WI | Same-Day | BlossomPot","Send Flowers, Cakes & Gifts to Milwaukee, WI",126,3,False,False
madison,city,Wisconsin,send flowers to Madison,"Send Flowers, Cakes & Gifts to Madison, WI | Same-Day | BlossomPot","Send Flowers, Cakes & Gifts to Madison, WI",122,3,False,False
green-bay,city,Wisconsin,send flowers to Green Bay,"Send Flowers, Cakes & Gifts to Green Bay, WI | Same-Day | BlossomPot","Send Flowers, Cakes & Gifts to Green Bay, WI",143,3,False,False
kenosha,city,Wisconsin,send flowers to Kenosha,"Send Flowers, Cakes & Gifts to Kenosha, WI | Same-Day | BlossomPot","Send Flowers, Cakes & Gifts to Kenosha, WI",132,3,False,False
racine,city,Wisconsin,send flowers to Racine,"Send Flowers, Cakes & Gifts to Racine, WI | Same-Day | BlossomPot","Send Flowers, Cakes & Gifts to Racine, WI",129,3,False,False
appleton,city,Wisconsin,send flowers to Appleton,"Send Flowers, Cakes & Gifts to Appleton, WI | Same-Day | BlossomPot","Send Flowers, Cakes & Gifts to Appleton, WI",120,3,False,False
waukesha,city,Wisconsin,send flowers to Waukesha,"Send Flowers, Cakes & Gifts to Waukesha, WI | Same-Day | BlossomPot","Send Flowers, Cakes & Gifts to Waukesha, WI",126,3,False,False
brookfield,city,Wisconsin,send flowers to Brookfield,"Send Flowers, Cakes & Gifts to Brookfield, WI | Same-Day | BlossomPot","Send Flowers, Cakes & Gifts to Brookfield, WI",124,3,False,False
cheyenne,city,Wyoming,send flowers to Cheyenne,"Send Flowers, Cakes & Gifts to Cheyenne, WY | Same-Day | BlossomPot","Send Flowers, Cakes & Gifts to Cheyenne, WY",135,3,False,False
casper,city,Wyoming,send flowers to Casper,"Send Flowers, Cakes & Gifts to Casper, WY | Same-Day | BlossomPot","Send Flowers, Cakes & Gifts to Casper, WY",129,3,False,False
jackson-wy,city,Wyoming,send flowers to Jackson,"Send Flowers, Cakes & Gifts to Jackson, WY | Same-Day | BlossomPot","Send Flowers, Cakes & Gifts to Jackson, WY",127,3,False,False
washington-dc,city,District of Columbia,send flowers to Washington,"Send Flowers, Cakes & Gifts to Washington, DC | Same-Day | BlossomPot","Send Flowers, Cakes & Gifts to Washington, DC",125,3,False,False
san-juan,city,Puerto Rico,send flowers to San Juan,"Send Flowers, Cakes & Gifts to San Juan, PR | Same-Day | BlossomPot","Send Flowers, Cakes & Gifts to San Juan, PR",132,3,False,False
bayamon,city,Puerto Rico,send flowers to Bayamon,"Send Flowers, Cakes & Gifts to Bayamon, PR | Same-Day | BlossomPot","Send Flowers, Cakes & Gifts to Bayamon, PR",127,3,False,False
ponce,city,Puerto Rico,send flowers to Ponce,"Send Flowers, Cakes & Gifts to Ponce, PR | Same-Day | BlossomPot","Send Flowers, Cakes & Gifts to Ponce, PR",139,3,False,False
carolina,city,Puerto Rico,send flowers to Carolina,"Send Flowers, Cakes & Gifts to Carolina, PR | Same-Day | BlossomPot","Send Flowers, Cakes & Gifts to Carolina, PR",133,3,False,False
